-- MySQL dump 10.13  Distrib 5.7.9, for osx10.9 (x86_64)
--
-- Host: localhost    Database: boardsproject
-- ------------------------------------------------------
-- Server version	5.6.25

/*!40101 SET @OLD_CHARACTER_SET_CLIENT=@@CHARACTER_SET_CLIENT */;
/*!40101 SET @OLD_CHARACTER_SET_RESULTS=@@CHARACTER_SET_RESULTS */;
/*!40101 SET @OLD_COLLATION_CONNECTION=@@COLLATION_CONNECTION */;
/*!40101 SET NAMES utf8 */;
/*!40103 SET @OLD_TIME_ZONE=@@TIME_ZONE */;
/*!40103 SET TIME_ZONE='+00:00' */;
/*!40014 SET @OLD_UNIQUE_CHECKS=@@UNIQUE_CHECKS, UNIQUE_CHECKS=0 */;
/*!40014 SET @OLD_FOREIGN_KEY_CHECKS=@@FOREIGN_KEY_CHECKS, FOREIGN_KEY_CHECKS=0 */;
/*!40101 SET @OLD_SQL_MODE=@@SQL_MODE, SQL_MODE='NO_AUTO_VALUE_ON_ZERO' */;
/*!40111 SET @OLD_SQL_NOTES=@@SQL_NOTES, SQL_NOTES=0 */;

--
-- Table structure for table `customers`
--

DROP TABLE IF EXISTS `customers`;
/*!40101 SET @saved_cs_client     = @@character_set_client */;
/*!40101 SET character_set_client = utf8 */;
CREATE TABLE `customers` (
  `id` int(11) NOT NULL AUTO_INCREMENT,
  `email` varchar(255) DEFAULT NULL,
  `lastname` varchar(45) NOT NULL,
  `firstname` varchar(45) NOT NULL,
  `middlename` varchar(1) NOT NULL,
  `address1` text,
  `created_at` timestamp NOT NULL DEFAULT CURRENT_TIMESTAMP ON UPDATE CURRENT_TIMESTAMP,
  `updated_at` timestamp NOT NULL DEFAULT '0000-00-00 00:00:00',
  PRIMARY KEY (`id`),
  UNIQUE KEY `id_UNIQUE` (`id`),
  UNIQUE KEY `email_UNIQUE` (`email`)
) ENGINE=InnoDB DEFAULT CHARSET=utf8;
/*!40101 SET character_set_client = @saved_cs_client */;

--
-- Dumping data for table `customers`
--

LOCK TABLES `customers` WRITE;
/*!40000 ALTER TABLE `customers` DISABLE KEYS */;
/*!40000 ALTER TABLE `customers` ENABLE KEYS */;
UNLOCK TABLES;

--
-- Table structure for table `order_details`
--

DROP TABLE IF EXISTS `order_details`;
/*!40101 SET @saved_cs_client     = @@character_set_client */;
/*!40101 SET character_set_client = utf8 */;
CREATE TABLE `order_details` (
  `id` int(11) NOT NULL AUTO_INCREMENT,
  `order_id` int(11) NOT NULL,
  `product_stock_id` int(11) NOT NULL,
  `selling_price` float NOT NULL,
  `created_at` timestamp NOT NULL DEFAULT CURRENT_TIMESTAMP ON UPDATE CURRENT_TIMESTAMP,
  `updated_at` timestamp NOT NULL DEFAULT '0000-00-00 00:00:00',
  PRIMARY KEY (`id`)
) ENGINE=InnoDB DEFAULT CHARSET=utf8;
/*!40101 SET character_set_client = @saved_cs_client */;

--
-- Dumping data for table `order_details`
--

LOCK TABLES `order_details` WRITE;
/*!40000 ALTER TABLE `order_details` DISABLE KEYS */;
/*!40000 ALTER TABLE `order_details` ENABLE KEYS */;
UNLOCK TABLES;

--
-- Table structure for table `orders`
--

DROP TABLE IF EXISTS `orders`;
/*!40101 SET @saved_cs_client     = @@character_set_client */;
/*!40101 SET character_set_client = utf8 */;
CREATE TABLE `orders` (
  `id` int(11) NOT NULL AUTO_INCREMENT,
  `customer_id` int(11) NOT NULL,
  `initial_selling_price` float NOT NULL,
  `discount_price` float NOT NULL DEFAULT '0',
  `banking_fee` float NOT NULL DEFAULT '0',
  `total_price` varchar(45) NOT NULL,
  `created_by` int(11) NOT NULL,
  `created_at` timestamp NOT NULL DEFAULT CURRENT_TIMESTAMP ON UPDATE CURRENT_TIMESTAMP,
  `updated_at` timestamp NOT NULL DEFAULT '0000-00-00 00:00:00',
  PRIMARY KEY (`id`)
) ENGINE=InnoDB DEFAULT CHARSET=utf8;
/*!40101 SET character_set_client = @saved_cs_client */;

--
-- Dumping data for table `orders`
--

LOCK TABLES `orders` WRITE;
/*!40000 ALTER TABLE `orders` DISABLE KEYS */;
/*!40000 ALTER TABLE `orders` ENABLE KEYS */;
UNLOCK TABLES;

--
-- Table structure for table `payment_details`
--

DROP TABLE IF EXISTS `payment_details`;
/*!40101 SET @saved_cs_client     = @@character_set_client */;
/*!40101 SET character_set_client = utf8 */;
CREATE TABLE `payment_details` (
  `id` int(11) NOT NULL AUTO_INCREMENT,
  `order_id` int(11) NOT NULL,
  `payment_type` int(11) NOT NULL,
  `created_at` timestamp NOT NULL DEFAULT CURRENT_TIMESTAMP ON UPDATE CURRENT_TIMESTAMP,
  `updated_at` timestamp NOT NULL DEFAULT '0000-00-00 00:00:00',
  PRIMARY KEY (`id`)
) ENGINE=InnoDB DEFAULT CHARSET=utf8;
/*!40101 SET character_set_client = @saved_cs_client */;

--
-- Dumping data for table `payment_details`
--

LOCK TABLES `payment_details` WRITE;
/*!40000 ALTER TABLE `payment_details` DISABLE KEYS */;
/*!40000 ALTER TABLE `payment_details` ENABLE KEYS */;
UNLOCK TABLES;

--
-- Table structure for table `payments`
--

DROP TABLE IF EXISTS `payments`;
/*!40101 SET @saved_cs_client     = @@character_set_client */;
/*!40101 SET character_set_client = utf8 */;
CREATE TABLE `payments` (
  `id` int(11) NOT NULL AUTO_INCREMENT,
  `name` text NOT NULL,
  `banking_fee` float NOT NULL,
  `chargeToCustomer` tinyint(4) NOT NULL DEFAULT '0' COMMENT '0= false',
  `created_at` timestamp NOT NULL DEFAULT CURRENT_TIMESTAMP ON UPDATE CURRENT_TIMESTAMP,
  `updated_at` timestamp NOT NULL DEFAULT '0000-00-00 00:00:00',
  PRIMARY KEY (`id`)
) ENGINE=InnoDB AUTO_INCREMENT=6 DEFAULT CHARSET=utf8;
/*!40101 SET character_set_client = @saved_cs_client */;

--
-- Dumping data for table `payments`
--

LOCK TABLES `payments` WRITE;
/*!40000 ALTER TABLE `payments` DISABLE KEYS */;
INSERT INTO `payments` VALUES (1,'BDO Credit Card',0.3,0,'2016-03-28 15:24:27','0000-00-00 00:00:00'),(2,'BPI Credit Card',3,1,'2016-03-28 15:26:09','0000-00-00 00:00:00'),(3,'BDO Debit Card',0.3,0,'2016-03-28 15:24:27','0000-00-00 00:00:00'),(4,'BPI Debit Card',3,1,'2016-03-28 15:26:09','0000-00-00 00:00:00'),(5,'Cash',0,0,'2016-03-28 15:18:23','0000-00-00 00:00:00');
/*!40000 ALTER TABLE `payments` ENABLE KEYS */;
UNLOCK TABLES;

--
-- Table structure for table `product_stock`
--

DROP TABLE IF EXISTS `product_stock`;
/*!40101 SET @saved_cs_client     = @@character_set_client */;
/*!40101 SET character_set_client = utf8 */;
CREATE TABLE `product_stock` (
  `id` int(11) NOT NULL AUTO_INCREMENT,
  `product_id` int(11) NOT NULL,
  `serial_number` int(11) NOT NULL,
  `isAvailable` int(11) NOT NULL DEFAULT '1' COMMENT '0 False',
  `created_at` timestamp NULL DEFAULT NULL,
  `updated_at` timestamp NULL DEFAULT NULL,
  PRIMARY KEY (`id`),
  UNIQUE KEY `id_UNIQUE` (`id`)
) ENGINE=InnoDB AUTO_INCREMENT=1201 DEFAULT CHARSET=utf8;
/*!40101 SET character_set_client = @saved_cs_client */;

--
-- Dumping data for table `product_stock`
--

LOCK TABLES `product_stock` WRITE;
/*!40000 ALTER TABLE `product_stock` DISABLE KEYS */;
INSERT INTO `product_stock` VALUES (1,31,5604993,0,'2016-03-27 22:52:03','2016-03-27 22:52:03'),(2,34,7278534,1,'2016-03-27 22:52:14','2016-03-27 22:52:14'),(3,42,8927593,1,'2016-03-27 22:52:14','2016-03-27 22:52:14'),(4,29,8777610,1,'2016-03-27 22:52:14','2016-03-27 22:52:14'),(5,36,9123195,1,'2016-03-27 22:52:14','2016-03-27 22:52:14'),(6,34,6016834,1,'2016-03-27 22:52:14','2016-03-27 22:52:14'),(7,28,7968672,1,'2016-03-27 22:52:14','2016-03-27 22:52:14'),(8,31,8148247,1,'2016-03-27 22:52:14','2016-03-27 22:52:14'),(9,27,2869906,0,'2016-03-27 22:52:15','2016-03-27 22:52:15'),(10,43,6235961,1,'2016-03-27 22:52:15','2016-03-27 22:52:15'),(11,38,8772994,1,'2016-03-27 22:52:15','2016-03-27 22:52:15'),(12,41,3078298,1,'2016-03-27 22:53:17','2016-03-27 22:53:17'),(13,32,6021108,1,'2016-03-27 22:53:17','2016-03-27 22:53:17'),(14,43,2412807,1,'2016-03-27 22:53:17','2016-03-27 22:53:17'),(15,30,9137022,1,'2016-03-27 22:53:17','2016-03-27 22:53:17'),(16,43,8459222,1,'2016-03-27 22:53:18','2016-03-27 22:53:18'),(17,28,2838692,1,'2016-03-27 22:53:18','2016-03-27 22:53:18'),(18,40,6352551,1,'2016-03-27 22:53:18','2016-03-27 22:53:18'),(19,39,8248382,1,'2016-03-27 22:53:18','2016-03-27 22:53:18'),(20,30,6919695,1,'2016-03-27 22:53:18','2016-03-27 22:53:18'),(21,44,3274390,1,'2016-03-27 22:53:18','2016-03-27 22:53:18'),(22,29,7983620,1,'2016-03-27 22:53:18','2016-03-27 22:53:18'),(23,38,2809886,1,'2016-03-27 22:53:18','2016-03-27 22:53:18'),(24,27,8290686,1,'2016-03-27 22:53:18','2016-03-27 22:53:18'),(25,38,5181959,1,'2016-03-27 22:53:18','2016-03-27 22:53:18'),(26,32,4951479,1,'2016-03-27 22:53:18','2016-03-27 22:53:18'),(27,40,4477624,1,'2016-03-27 22:53:18','2016-03-27 22:53:18'),(28,41,1412724,1,'2016-03-27 22:53:18','2016-03-27 22:53:18'),(29,43,3344883,1,'2016-03-27 22:53:18','2016-03-27 22:53:18'),(30,31,8361457,1,'2016-03-27 22:53:18','2016-03-27 22:53:18'),(31,34,2263597,1,'2016-03-27 22:53:18','2016-03-27 22:53:18'),(32,39,5352333,1,'2016-03-27 22:53:18','2016-03-27 22:53:18'),(33,37,9820680,1,'2016-03-27 22:53:18','2016-03-27 22:53:18'),(34,34,3884969,1,'2016-03-27 22:53:18','2016-03-27 22:53:18'),(35,42,679127,1,'2016-03-27 22:53:18','2016-03-27 22:53:18'),(36,27,789736,1,'2016-03-27 22:53:18','2016-03-27 22:53:18'),(37,45,1805234,1,'2016-03-27 22:53:18','2016-03-27 22:53:18'),(38,34,1166897,1,'2016-03-27 22:53:18','2016-03-27 22:53:18'),(39,33,9019342,1,'2016-03-27 22:53:18','2016-03-27 22:53:18'),(40,42,5873755,1,'2016-03-27 22:53:18','2016-03-27 22:53:18'),(41,34,4557853,1,'2016-03-27 22:53:18','2016-03-27 22:53:18'),(42,36,3197438,1,'2016-03-27 22:53:18','2016-03-27 22:53:18'),(43,28,2022253,1,'2016-03-27 22:53:18','2016-03-27 22:53:18'),(44,29,7347836,1,'2016-03-27 22:53:18','2016-03-27 22:53:18'),(45,39,8015452,1,'2016-03-27 22:53:18','2016-03-27 22:53:18'),(46,40,1335111,1,'2016-03-27 22:53:18','2016-03-27 22:53:18'),(47,28,1759779,1,'2016-03-27 22:53:18','2016-03-27 22:53:18'),(48,42,5858381,1,'2016-03-27 22:53:18','2016-03-27 22:53:18'),(49,38,2484968,1,'2016-03-27 22:53:18','2016-03-27 22:53:18'),(50,45,5082523,1,'2016-03-27 22:53:18','2016-03-27 22:53:18'),(51,44,3331222,1,'2016-03-27 22:53:18','2016-03-27 22:53:18'),(52,25,6984305,1,'2016-03-27 22:53:18','2016-03-27 22:53:18'),(53,26,4913984,1,'2016-03-27 22:53:18','2016-03-27 22:53:18'),(54,37,3446198,1,'2016-03-27 22:53:18','2016-03-27 22:53:18'),(55,35,255903,1,'2016-03-27 22:53:18','2016-03-27 22:53:18'),(56,39,9216722,1,'2016-03-27 22:53:18','2016-03-27 22:53:18'),(57,29,9875087,1,'2016-03-27 22:53:18','2016-03-27 22:53:18'),(58,39,8336834,1,'2016-03-27 22:53:18','2016-03-27 22:53:18'),(59,42,7730135,1,'2016-03-27 22:53:18','2016-03-27 22:53:18'),(60,35,204302,1,'2016-03-27 22:53:18','2016-03-27 22:53:18'),(61,31,513449,1,'2016-03-27 22:53:18','2016-03-27 22:53:18'),(62,27,9064233,1,'2016-03-27 22:53:18','2016-03-27 22:53:18'),(63,32,9127516,1,'2016-03-27 22:53:18','2016-03-27 22:53:18'),(64,35,1191899,1,'2016-03-27 22:53:18','2016-03-27 22:53:18'),(65,41,3263197,1,'2016-03-27 22:53:18','2016-03-27 22:53:18'),(66,30,8764787,1,'2016-03-27 22:53:18','2016-03-27 22:53:18'),(67,38,9347637,1,'2016-03-27 22:53:18','2016-03-27 22:53:18'),(68,42,7904323,1,'2016-03-27 22:53:18','2016-03-27 22:53:18'),(69,44,4893555,1,'2016-03-27 22:53:18','2016-03-27 22:53:18'),(70,27,7230094,1,'2016-03-27 22:53:18','2016-03-27 22:53:18'),(71,43,9413591,1,'2016-03-27 22:53:18','2016-03-27 22:53:18'),(72,28,4779538,1,'2016-03-27 22:53:18','2016-03-27 22:53:18'),(73,29,6077030,1,'2016-03-27 22:53:18','2016-03-27 22:53:18'),(74,41,9327462,1,'2016-03-27 22:53:18','2016-03-27 22:53:18'),(75,33,1133669,1,'2016-03-27 22:53:18','2016-03-27 22:53:18'),(76,37,4980795,1,'2016-03-27 22:53:18','2016-03-27 22:53:18'),(77,39,2753108,1,'2016-03-27 22:53:18','2016-03-27 22:53:18'),(78,41,3176901,1,'2016-03-27 22:53:18','2016-03-27 22:53:18'),(79,29,7634458,1,'2016-03-27 22:53:18','2016-03-27 22:53:18'),(80,35,1726653,1,'2016-03-27 22:53:18','2016-03-27 22:53:18'),(81,29,818161,1,'2016-03-27 22:53:18','2016-03-27 22:53:18'),(82,29,358002,1,'2016-03-27 22:53:18','2016-03-27 22:53:18'),(83,44,9876788,1,'2016-03-27 22:53:18','2016-03-27 22:53:18'),(84,38,7573112,1,'2016-03-27 22:53:18','2016-03-27 22:53:18'),(85,34,4407253,1,'2016-03-27 22:53:18','2016-03-27 22:53:18'),(86,38,2075321,1,'2016-03-27 22:53:18','2016-03-27 22:53:18'),(87,37,9440962,1,'2016-03-27 22:53:18','2016-03-27 22:53:18'),(88,26,3989715,1,'2016-03-27 22:53:18','2016-03-27 22:53:18'),(89,39,1573602,1,'2016-03-27 22:53:18','2016-03-27 22:53:18'),(90,35,357004,1,'2016-03-27 22:53:18','2016-03-27 22:53:18'),(91,34,8142300,1,'2016-03-27 22:53:18','2016-03-27 22:53:18'),(92,32,1451332,1,'2016-03-27 22:53:18','2016-03-27 22:53:18'),(93,30,1485232,1,'2016-03-27 22:53:18','2016-03-27 22:53:18'),(94,27,2793385,1,'2016-03-27 22:53:18','2016-03-27 22:53:18'),(95,40,7585600,1,'2016-03-27 22:53:18','2016-03-27 22:53:18'),(96,26,863386,1,'2016-03-27 22:53:18','2016-03-27 22:53:18'),(97,42,4166192,1,'2016-03-27 22:53:18','2016-03-27 22:53:18'),(98,33,4380227,1,'2016-03-27 22:53:18','2016-03-27 22:53:18'),(99,32,4104175,1,'2016-03-27 22:53:18','2016-03-27 22:53:18'),(100,42,2435248,1,'2016-03-27 22:53:18','2016-03-27 22:53:18'),(101,32,2076114,1,'2016-03-27 22:53:18','2016-03-27 22:53:18'),(102,37,8254230,1,'2016-03-27 22:53:18','2016-03-27 22:53:18'),(103,30,5690326,1,'2016-03-27 22:53:18','2016-03-27 22:53:18'),(104,45,1622187,1,'2016-03-27 22:53:18','2016-03-27 22:53:18'),(105,31,3794016,1,'2016-03-27 22:53:18','2016-03-27 22:53:18'),(106,40,6126769,1,'2016-03-27 22:53:18','2016-03-27 22:53:18'),(107,27,6133794,1,'2016-03-27 22:53:18','2016-03-27 22:53:18'),(108,41,7598664,1,'2016-03-27 22:53:18','2016-03-27 22:53:18'),(109,39,538232,1,'2016-03-27 22:53:18','2016-03-27 22:53:18'),(110,25,196982,1,'2016-03-27 22:53:18','2016-03-27 22:53:18'),(111,26,4969044,1,'2016-03-27 22:53:18','2016-03-27 22:53:18'),(112,42,2947943,1,'2016-03-27 22:53:18','2016-03-27 22:53:18'),(113,31,8107569,1,'2016-03-27 22:53:18','2016-03-27 22:53:18'),(114,44,2597446,1,'2016-03-27 22:53:18','2016-03-27 22:53:18'),(115,34,2421007,1,'2016-03-27 22:53:18','2016-03-27 22:53:18'),(116,39,4631545,1,'2016-03-27 22:53:18','2016-03-27 22:53:18'),(117,37,8614471,1,'2016-03-27 22:53:18','2016-03-27 22:53:18'),(118,32,8935191,1,'2016-03-27 22:53:18','2016-03-27 22:53:18'),(119,25,6593451,1,'2016-03-27 22:53:18','2016-03-27 22:53:18'),(120,26,2650823,1,'2016-03-27 22:53:18','2016-03-27 22:53:18'),(121,37,6867533,1,'2016-03-27 22:53:18','2016-03-27 22:53:18'),(122,30,4926683,1,'2016-03-27 22:53:18','2016-03-27 22:53:18'),(123,30,5579235,1,'2016-03-27 22:53:18','2016-03-27 22:53:18'),(124,33,4976625,1,'2016-03-27 22:53:18','2016-03-27 22:53:18'),(125,38,6177221,1,'2016-03-27 22:53:18','2016-03-27 22:53:18'),(126,27,5405702,1,'2016-03-27 22:53:18','2016-03-27 22:53:18'),(127,41,3794034,1,'2016-03-27 22:53:18','2016-03-27 22:53:18'),(128,37,4789219,1,'2016-03-27 22:53:18','2016-03-27 22:53:18'),(129,36,8300642,1,'2016-03-27 22:53:18','2016-03-27 22:53:18'),(130,40,6119615,1,'2016-03-27 22:53:18','2016-03-27 22:53:18'),(131,41,1574869,1,'2016-03-27 22:53:18','2016-03-27 22:53:18'),(132,42,3899723,1,'2016-03-27 22:53:18','2016-03-27 22:53:18'),(133,30,8389267,1,'2016-03-27 22:53:18','2016-03-27 22:53:18'),(134,29,3225774,1,'2016-03-27 22:53:18','2016-03-27 22:53:18'),(135,39,184427,1,'2016-03-27 22:53:18','2016-03-27 22:53:18'),(136,45,5282733,1,'2016-03-27 22:53:18','2016-03-27 22:53:18'),(137,42,7703580,1,'2016-03-27 22:53:18','2016-03-27 22:53:18'),(138,39,7146023,1,'2016-03-27 22:53:18','2016-03-27 22:53:18'),(139,29,7849545,1,'2016-03-27 22:53:18','2016-03-27 22:53:18'),(140,35,8930908,1,'2016-03-27 22:53:18','2016-03-27 22:53:18'),(141,27,1814226,1,'2016-03-27 22:53:18','2016-03-27 22:53:18'),(142,36,7474563,1,'2016-03-27 22:53:18','2016-03-27 22:53:18'),(143,26,7237693,1,'2016-03-27 22:53:18','2016-03-27 22:53:18'),(144,45,1719585,1,'2016-03-27 22:53:18','2016-03-27 22:53:18'),(145,37,8555742,1,'2016-03-27 22:53:18','2016-03-27 22:53:18'),(146,44,1756675,1,'2016-03-27 22:53:18','2016-03-27 22:53:18'),(147,44,654990,1,'2016-03-27 22:53:18','2016-03-27 22:53:18'),(148,41,2469163,1,'2016-03-27 22:53:18','2016-03-27 22:53:18'),(149,34,1330853,1,'2016-03-27 22:53:18','2016-03-27 22:53:18'),(150,28,3165752,1,'2016-03-27 22:53:18','2016-03-27 22:53:18'),(151,40,1202782,1,'2016-03-27 22:53:18','2016-03-27 22:53:18'),(152,39,2700592,1,'2016-03-27 22:53:18','2016-03-27 22:53:18'),(153,26,8916110,1,'2016-03-27 22:53:18','2016-03-27 22:53:18'),(154,41,5993355,1,'2016-03-27 22:53:18','2016-03-27 22:53:18'),(155,38,6575279,1,'2016-03-27 22:53:18','2016-03-27 22:53:18'),(156,29,7718970,1,'2016-03-27 22:53:18','2016-03-27 22:53:18'),(157,42,3920864,1,'2016-03-27 22:53:18','2016-03-27 22:53:18'),(158,32,7371577,1,'2016-03-27 22:53:18','2016-03-27 22:53:18'),(159,43,8338442,1,'2016-03-27 22:53:18','2016-03-27 22:53:18'),(160,27,5744999,1,'2016-03-27 22:53:18','2016-03-27 22:53:18'),(161,37,453114,1,'2016-03-27 22:53:18','2016-03-27 22:53:18'),(162,34,8711545,1,'2016-03-27 22:53:18','2016-03-27 22:53:18'),(163,33,3049528,1,'2016-03-27 22:53:18','2016-03-27 22:53:18'),(164,45,1833190,1,'2016-03-27 22:53:18','2016-03-27 22:53:18'),(165,25,2069180,1,'2016-03-27 22:53:18','2016-03-27 22:53:18'),(166,27,9480836,1,'2016-03-27 22:53:18','2016-03-27 22:53:18'),(167,43,7686635,1,'2016-03-27 22:53:18','2016-03-27 22:53:18'),(168,25,8390819,1,'2016-03-27 22:53:18','2016-03-27 22:53:18'),(169,33,395269,1,'2016-03-27 22:53:18','2016-03-27 22:53:18'),(170,41,2100180,1,'2016-03-27 22:53:18','2016-03-27 22:53:18'),(171,32,6269765,1,'2016-03-27 22:53:18','2016-03-27 22:53:18'),(172,35,2260636,1,'2016-03-27 22:53:18','2016-03-27 22:53:18'),(173,39,8918223,1,'2016-03-27 22:53:18','2016-03-27 22:53:18'),(174,44,3142950,1,'2016-03-27 22:53:18','2016-03-27 22:53:18'),(175,38,8021227,1,'2016-03-27 22:53:18','2016-03-27 22:53:18'),(176,25,3919426,1,'2016-03-27 22:53:18','2016-03-27 22:53:18'),(177,32,8499655,1,'2016-03-27 22:53:18','2016-03-27 22:53:18'),(178,40,4613651,1,'2016-03-27 22:53:18','2016-03-27 22:53:18'),(179,25,2806989,1,'2016-03-27 22:53:18','2016-03-27 22:53:18'),(180,28,2807017,1,'2016-03-27 22:53:18','2016-03-27 22:53:18'),(181,32,7451826,1,'2016-03-27 22:53:18','2016-03-27 22:53:18'),(182,31,7169301,1,'2016-03-27 22:53:18','2016-03-27 22:53:18'),(183,28,726056,1,'2016-03-27 22:53:18','2016-03-27 22:53:18'),(184,40,6381785,1,'2016-03-27 22:53:18','2016-03-27 22:53:18'),(185,30,1081376,1,'2016-03-27 22:53:18','2016-03-27 22:53:18'),(186,40,5450341,1,'2016-03-27 22:53:18','2016-03-27 22:53:18'),(187,41,1041450,1,'2016-03-27 22:53:18','2016-03-27 22:53:18'),(188,42,3502233,1,'2016-03-27 22:53:18','2016-03-27 22:53:18'),(189,25,7777135,1,'2016-03-27 22:53:18','2016-03-27 22:53:18'),(190,30,4882640,1,'2016-03-27 22:53:18','2016-03-27 22:53:18'),(191,35,2801696,1,'2016-03-27 22:53:18','2016-03-27 22:53:18'),(192,31,2839297,1,'2016-03-27 22:53:18','2016-03-27 22:53:18'),(193,28,7903889,1,'2016-03-27 22:53:18','2016-03-27 22:53:18'),(194,37,29183,1,'2016-03-27 22:53:18','2016-03-27 22:53:18'),(195,42,440533,1,'2016-03-27 22:53:18','2016-03-27 22:53:18'),(196,29,4860341,1,'2016-03-27 22:53:18','2016-03-27 22:53:18'),(197,44,6225492,1,'2016-03-27 22:53:18','2016-03-27 22:53:18'),(198,43,30697,1,'2016-03-27 22:53:18','2016-03-27 22:53:18'),(199,31,9162534,1,'2016-03-27 22:53:18','2016-03-27 22:53:18'),(200,39,4335347,1,'2016-03-27 22:53:18','2016-03-27 22:53:18'),(201,32,5627065,1,'2016-03-27 22:53:18','2016-03-27 22:53:18'),(202,40,3473617,1,'2016-03-27 22:53:18','2016-03-27 22:53:18'),(203,35,3150941,1,'2016-03-27 22:53:18','2016-03-27 22:53:18'),(204,29,4787975,1,'2016-03-27 22:53:18','2016-03-27 22:53:18'),(205,34,2986986,1,'2016-03-27 22:53:18','2016-03-27 22:53:18'),(206,33,7859990,1,'2016-03-27 22:53:18','2016-03-27 22:53:18'),(207,30,2265976,1,'2016-03-27 22:53:18','2016-03-27 22:53:18'),(208,38,3129213,1,'2016-03-27 22:53:18','2016-03-27 22:53:18'),(209,44,7054433,1,'2016-03-27 22:53:18','2016-03-27 22:53:18'),(210,37,6571632,1,'2016-03-27 22:53:18','2016-03-27 22:53:18'),(211,45,4335941,1,'2016-03-27 22:53:18','2016-03-27 22:53:18'),(212,27,269328,1,'2016-03-27 22:53:18','2016-03-27 22:53:18'),(213,32,9686024,1,'2016-03-27 22:53:18','2016-03-27 22:53:18'),(214,43,3802387,1,'2016-03-27 22:53:18','2016-03-27 22:53:18'),(215,27,2233049,1,'2016-03-27 22:53:18','2016-03-27 22:53:18'),(216,45,4138595,1,'2016-03-27 22:53:18','2016-03-27 22:53:18'),(217,26,5415012,1,'2016-03-27 22:53:18','2016-03-27 22:53:18'),(218,28,8524476,1,'2016-03-27 22:53:18','2016-03-27 22:53:18'),(219,30,3580682,1,'2016-03-27 22:53:18','2016-03-27 22:53:18'),(220,29,4609675,1,'2016-03-27 22:53:18','2016-03-27 22:53:18'),(221,36,1704105,1,'2016-03-27 22:53:18','2016-03-27 22:53:18'),(222,26,2686489,1,'2016-03-27 22:53:18','2016-03-27 22:53:18'),(223,42,7174337,1,'2016-03-27 22:53:18','2016-03-27 22:53:18'),(224,35,4785806,1,'2016-03-27 22:53:18','2016-03-27 22:53:18'),(225,44,2774815,1,'2016-03-27 22:53:18','2016-03-27 22:53:18'),(226,36,5536973,1,'2016-03-27 22:53:18','2016-03-27 22:53:18'),(227,43,1966953,1,'2016-03-27 22:53:18','2016-03-27 22:53:18'),(228,41,3611876,1,'2016-03-27 22:53:18','2016-03-27 22:53:18'),(229,31,6305027,1,'2016-03-27 22:53:18','2016-03-27 22:53:18'),(230,38,8853517,1,'2016-03-27 22:53:18','2016-03-27 22:53:18'),(231,32,616798,1,'2016-03-27 22:53:18','2016-03-27 22:53:18'),(232,25,5304429,1,'2016-03-27 22:53:18','2016-03-27 22:53:18'),(233,42,3894150,1,'2016-03-27 22:53:18','2016-03-27 22:53:18'),(234,26,8184012,1,'2016-03-27 22:53:18','2016-03-27 22:53:18'),(235,41,5545125,1,'2016-03-27 22:53:18','2016-03-27 22:53:18'),(236,42,3927294,1,'2016-03-27 22:53:18','2016-03-27 22:53:18'),(237,40,720671,1,'2016-03-27 22:53:18','2016-03-27 22:53:18'),(238,25,6554975,1,'2016-03-27 22:53:18','2016-03-27 22:53:18'),(239,32,2677761,1,'2016-03-27 22:53:18','2016-03-27 22:53:18'),(240,29,2242065,1,'2016-03-27 22:53:18','2016-03-27 22:53:18'),(241,35,2361100,1,'2016-03-27 22:53:18','2016-03-27 22:53:18'),(242,39,9099223,1,'2016-03-27 22:53:18','2016-03-27 22:53:18'),(243,42,962452,1,'2016-03-27 22:53:18','2016-03-27 22:53:18'),(244,41,2291288,1,'2016-03-27 22:53:18','2016-03-27 22:53:18'),(245,45,5701932,1,'2016-03-27 22:53:18','2016-03-27 22:53:18'),(246,26,9951319,1,'2016-03-27 22:53:18','2016-03-27 22:53:18'),(247,36,734771,1,'2016-03-27 22:53:18','2016-03-27 22:53:18'),(248,32,453247,1,'2016-03-27 22:53:18','2016-03-27 22:53:18'),(249,27,203439,1,'2016-03-27 22:53:18','2016-03-27 22:53:18'),(250,33,5409959,1,'2016-03-27 22:53:18','2016-03-27 22:53:18'),(251,26,2984951,1,'2016-03-27 22:53:18','2016-03-27 22:53:18'),(252,42,2705638,1,'2016-03-27 22:53:18','2016-03-27 22:53:18'),(253,34,6756745,1,'2016-03-27 22:53:18','2016-03-27 22:53:18'),(254,35,1318016,1,'2016-03-27 22:53:18','2016-03-27 22:53:18'),(255,30,5568672,1,'2016-03-27 22:53:18','2016-03-27 22:53:18'),(256,34,491003,1,'2016-03-27 22:53:18','2016-03-27 22:53:18'),(257,36,6630392,1,'2016-03-27 22:53:18','2016-03-27 22:53:18'),(258,33,9085039,1,'2016-03-27 22:53:18','2016-03-27 22:53:18'),(259,41,3261328,1,'2016-03-27 22:53:18','2016-03-27 22:53:18'),(260,30,3444412,1,'2016-03-27 22:53:18','2016-03-27 22:53:18'),(261,33,4422326,1,'2016-03-27 22:53:18','2016-03-27 22:53:18'),(262,28,6892325,1,'2016-03-27 22:53:18','2016-03-27 22:53:18'),(263,33,7672614,1,'2016-03-27 22:53:18','2016-03-27 22:53:18'),(264,35,7420061,1,'2016-03-27 22:53:18','2016-03-27 22:53:18'),(265,29,751277,1,'2016-03-27 22:53:18','2016-03-27 22:53:18'),(266,43,3986379,1,'2016-03-27 22:53:18','2016-03-27 22:53:18'),(267,30,6556081,1,'2016-03-27 22:53:18','2016-03-27 22:53:18'),(268,34,7426112,1,'2016-03-27 22:53:18','2016-03-27 22:53:18'),(269,41,1647941,1,'2016-03-27 22:53:18','2016-03-27 22:53:18'),(270,30,3685654,1,'2016-03-27 22:53:18','2016-03-27 22:53:18'),(271,28,8312322,1,'2016-03-27 22:53:18','2016-03-27 22:53:18'),(272,41,5670536,1,'2016-03-27 22:53:18','2016-03-27 22:53:18'),(273,32,6339183,1,'2016-03-27 22:53:18','2016-03-27 22:53:18'),(274,29,4007518,1,'2016-03-27 22:53:18','2016-03-27 22:53:18'),(275,39,8827933,1,'2016-03-27 22:53:18','2016-03-27 22:53:18'),(276,25,5248581,1,'2016-03-27 22:53:18','2016-03-27 22:53:18'),(277,26,2502476,1,'2016-03-27 22:53:18','2016-03-27 22:53:18'),(278,45,132507,1,'2016-03-27 22:53:18','2016-03-27 22:53:18'),(279,45,788912,1,'2016-03-27 22:53:18','2016-03-27 22:53:18'),(280,37,9698324,1,'2016-03-27 22:53:18','2016-03-27 22:53:18'),(281,36,2885236,1,'2016-03-27 22:53:18','2016-03-27 22:53:18'),(282,42,3789664,1,'2016-03-27 22:53:18','2016-03-27 22:53:18'),(283,41,7865328,1,'2016-03-27 22:53:18','2016-03-27 22:53:18'),(284,40,5663816,1,'2016-03-27 22:53:18','2016-03-27 22:53:18'),(285,27,1542801,1,'2016-03-27 22:53:18','2016-03-27 22:53:18'),(286,44,7144093,1,'2016-03-27 22:53:18','2016-03-27 22:53:18'),(287,32,7973856,1,'2016-03-27 22:53:18','2016-03-27 22:53:18'),(288,35,8250705,1,'2016-03-27 22:53:18','2016-03-27 22:53:18'),(289,45,7549794,1,'2016-03-27 22:53:18','2016-03-27 22:53:18'),(290,41,3093932,1,'2016-03-27 22:53:18','2016-03-27 22:53:18'),(291,43,9775613,1,'2016-03-27 22:53:18','2016-03-27 22:53:18'),(292,30,7537558,1,'2016-03-27 22:53:18','2016-03-27 22:53:18'),(293,39,3348539,1,'2016-03-27 22:53:18','2016-03-27 22:53:18'),(294,26,5178329,1,'2016-03-27 22:53:18','2016-03-27 22:53:18'),(295,37,1654165,1,'2016-03-27 22:53:18','2016-03-27 22:53:18'),(296,25,2786301,1,'2016-03-27 22:53:18','2016-03-27 22:53:18'),(297,38,7874574,1,'2016-03-27 22:53:18','2016-03-27 22:53:18'),(298,45,7021232,1,'2016-03-27 22:53:18','2016-03-27 22:53:18'),(299,25,2592277,1,'2016-03-27 22:53:18','2016-03-27 22:53:18'),(300,37,586412,1,'2016-03-27 22:53:18','2016-03-27 22:53:18'),(301,32,7146012,1,'2016-03-27 22:53:18','2016-03-27 22:53:18'),(302,28,1253267,1,'2016-03-27 22:54:21','2016-03-27 22:54:21'),(303,36,9620623,1,'2016-03-27 22:54:22','2016-03-27 22:54:22'),(304,42,1077914,1,'2016-03-27 22:54:22','2016-03-27 22:54:22'),(305,34,292022,1,'2016-03-27 22:54:22','2016-03-27 22:54:22'),(306,38,8691076,1,'2016-03-27 22:54:22','2016-03-27 22:54:22'),(307,31,4880091,1,'2016-03-27 22:54:22','2016-03-27 22:54:22'),(308,34,9973608,1,'2016-03-27 22:54:22','2016-03-27 22:54:22'),(309,34,9210969,1,'2016-03-27 22:54:22','2016-03-27 22:54:22'),(310,36,7992105,1,'2016-03-27 22:54:22','2016-03-27 22:54:22'),(311,35,388914,1,'2016-03-27 22:54:22','2016-03-27 22:54:22'),(312,41,9931442,1,'2016-03-27 22:54:22','2016-03-27 22:54:22'),(313,42,4746304,1,'2016-03-27 22:54:22','2016-03-27 22:54:22'),(314,44,4067642,1,'2016-03-27 22:54:22','2016-03-27 22:54:22'),(315,40,9267911,1,'2016-03-27 22:54:22','2016-03-27 22:54:22'),(316,28,9176366,1,'2016-03-27 22:54:22','2016-03-27 22:54:22'),(317,39,1317066,1,'2016-03-27 22:54:22','2016-03-27 22:54:22'),(318,43,457448,1,'2016-03-27 22:54:22','2016-03-27 22:54:22'),(319,26,6246081,1,'2016-03-27 22:54:22','2016-03-27 22:54:22'),(320,45,9304581,1,'2016-03-27 22:54:22','2016-03-27 22:54:22'),(321,37,9439356,1,'2016-03-27 22:54:22','2016-03-27 22:54:22'),(322,35,5355537,1,'2016-03-27 22:54:22','2016-03-27 22:54:22'),(323,29,9140421,1,'2016-03-27 22:54:22','2016-03-27 22:54:22'),(324,40,7017302,1,'2016-03-27 22:54:22','2016-03-27 22:54:22'),(325,44,5433103,1,'2016-03-27 22:54:22','2016-03-27 22:54:22'),(326,41,6880443,1,'2016-03-27 22:54:22','2016-03-27 22:54:22'),(327,36,8016291,1,'2016-03-27 22:54:22','2016-03-27 22:54:22'),(328,30,9969649,1,'2016-03-27 22:54:22','2016-03-27 22:54:22'),(329,35,9364105,1,'2016-03-27 22:54:22','2016-03-27 22:54:22'),(330,26,3673412,1,'2016-03-27 22:54:22','2016-03-27 22:54:22'),(331,27,1472673,1,'2016-03-27 22:54:22','2016-03-27 22:54:22'),(332,33,6701404,1,'2016-03-27 22:54:22','2016-03-27 22:54:22'),(333,41,4641258,1,'2016-03-27 22:54:22','2016-03-27 22:54:22'),(334,36,2073211,1,'2016-03-27 22:54:22','2016-03-27 22:54:22'),(335,36,4896521,1,'2016-03-27 22:54:22','2016-03-27 22:54:22'),(336,45,4112937,1,'2016-03-27 22:54:22','2016-03-27 22:54:22'),(337,42,496515,1,'2016-03-27 22:54:22','2016-03-27 22:54:22'),(338,42,1375430,1,'2016-03-27 22:54:22','2016-03-27 22:54:22'),(339,39,8191112,1,'2016-03-27 22:54:22','2016-03-27 22:54:22'),(340,28,6268711,1,'2016-03-27 22:54:22','2016-03-27 22:54:22'),(341,33,2266975,1,'2016-03-27 22:54:22','2016-03-27 22:54:22'),(342,28,2587232,1,'2016-03-27 22:54:22','2016-03-27 22:54:22'),(343,39,7685120,1,'2016-03-27 22:54:22','2016-03-27 22:54:22'),(344,43,4673349,1,'2016-03-27 22:54:22','2016-03-27 22:54:22'),(345,38,1493904,1,'2016-03-27 22:54:22','2016-03-27 22:54:22'),(346,25,7506235,1,'2016-03-27 22:54:22','2016-03-27 22:54:22'),(347,44,9829883,1,'2016-03-27 22:54:22','2016-03-27 22:54:22'),(348,33,608834,1,'2016-03-27 22:54:22','2016-03-27 22:54:22'),(349,33,7610195,1,'2016-03-27 22:54:22','2016-03-27 22:54:22'),(350,42,6345373,1,'2016-03-27 22:54:22','2016-03-27 22:54:22'),(351,33,1463370,1,'2016-03-27 22:54:22','2016-03-27 22:54:22'),(352,28,7222201,1,'2016-03-27 22:54:22','2016-03-27 22:54:22'),(353,34,6869837,1,'2016-03-27 22:54:22','2016-03-27 22:54:22'),(354,44,9675259,1,'2016-03-27 22:54:22','2016-03-27 22:54:22'),(355,34,4132232,1,'2016-03-27 22:54:22','2016-03-27 22:54:22'),(356,38,4261475,1,'2016-03-27 22:54:22','2016-03-27 22:54:22'),(357,28,8511370,1,'2016-03-27 22:54:22','2016-03-27 22:54:22'),(358,30,3593451,1,'2016-03-27 22:54:22','2016-03-27 22:54:22'),(359,31,4986822,1,'2016-03-27 22:54:22','2016-03-27 22:54:22'),(360,31,7092153,1,'2016-03-27 22:54:22','2016-03-27 22:54:22'),(361,28,6584022,1,'2016-03-27 22:54:22','2016-03-27 22:54:22'),(362,28,3065583,1,'2016-03-27 22:54:22','2016-03-27 22:54:22'),(363,28,3803234,1,'2016-03-27 22:54:22','2016-03-27 22:54:22'),(364,29,7958057,1,'2016-03-27 22:54:22','2016-03-27 22:54:22'),(365,36,5224412,1,'2016-03-27 22:54:22','2016-03-27 22:54:22'),(366,35,936610,1,'2016-03-27 22:54:22','2016-03-27 22:54:22'),(367,41,3341095,1,'2016-03-27 22:54:22','2016-03-27 22:54:22'),(368,31,3764009,1,'2016-03-27 22:54:22','2016-03-27 22:54:22'),(369,40,6094427,1,'2016-03-27 22:54:22','2016-03-27 22:54:22'),(370,36,1083637,1,'2016-03-27 22:54:22','2016-03-27 22:54:22'),(371,38,6586014,1,'2016-03-27 22:54:22','2016-03-27 22:54:22'),(372,30,3170114,1,'2016-03-27 22:54:22','2016-03-27 22:54:22'),(373,25,4170362,1,'2016-03-27 22:54:22','2016-03-27 22:54:22'),(374,31,6370281,1,'2016-03-27 22:54:22','2016-03-27 22:54:22'),(375,43,2501454,1,'2016-03-27 22:54:22','2016-03-27 22:54:22'),(376,43,7489216,1,'2016-03-27 22:54:22','2016-03-27 22:54:22'),(377,28,3239867,1,'2016-03-27 22:54:22','2016-03-27 22:54:22'),(378,34,8940150,1,'2016-03-27 22:54:22','2016-03-27 22:54:22'),(379,26,8128116,1,'2016-03-27 22:54:22','2016-03-27 22:54:22'),(380,37,3015702,1,'2016-03-27 22:54:22','2016-03-27 22:54:22'),(381,45,4015171,1,'2016-03-27 22:54:22','2016-03-27 22:54:22'),(382,32,4737600,1,'2016-03-27 22:54:22','2016-03-27 22:54:22'),(383,34,8969186,1,'2016-03-27 22:54:22','2016-03-27 22:54:22'),(384,26,5554530,1,'2016-03-27 22:54:22','2016-03-27 22:54:22'),(385,32,5948497,1,'2016-03-27 22:54:22','2016-03-27 22:54:22'),(386,39,9568299,1,'2016-03-27 22:54:22','2016-03-27 22:54:22'),(387,29,7842279,1,'2016-03-27 22:54:22','2016-03-27 22:54:22'),(388,43,4176024,1,'2016-03-27 22:54:22','2016-03-27 22:54:22'),(389,26,1310432,1,'2016-03-27 22:54:22','2016-03-27 22:54:22'),(390,41,3077706,1,'2016-03-27 22:54:22','2016-03-27 22:54:22'),(391,38,8788329,1,'2016-03-27 22:54:22','2016-03-27 22:54:22'),(392,33,7697274,1,'2016-03-27 22:54:22','2016-03-27 22:54:22'),(393,36,8649185,1,'2016-03-27 22:54:22','2016-03-27 22:54:22'),(394,40,3805282,1,'2016-03-27 22:54:22','2016-03-27 22:54:22'),(395,45,5061045,1,'2016-03-27 22:54:22','2016-03-27 22:54:22'),(396,43,4138648,1,'2016-03-27 22:54:22','2016-03-27 22:54:22'),(397,27,2368497,1,'2016-03-27 22:54:22','2016-03-27 22:54:22'),(398,36,2913932,1,'2016-03-27 22:54:22','2016-03-27 22:54:22'),(399,41,5394356,1,'2016-03-27 22:54:22','2016-03-27 22:54:22'),(400,29,2589235,1,'2016-03-27 22:54:22','2016-03-27 22:54:22'),(401,35,6834173,1,'2016-03-27 22:54:22','2016-03-27 22:54:22'),(402,37,3617828,1,'2016-03-27 22:54:22','2016-03-27 22:54:22'),(403,30,7465033,1,'2016-03-27 22:54:22','2016-03-27 22:54:22'),(404,28,1798413,1,'2016-03-27 22:54:22','2016-03-27 22:54:22'),(405,25,1159123,1,'2016-03-27 22:54:22','2016-03-27 22:54:22'),(406,42,6282802,1,'2016-03-27 22:54:22','2016-03-27 22:54:22'),(407,26,577071,1,'2016-03-27 22:54:22','2016-03-27 22:54:22'),(408,43,6602753,1,'2016-03-27 22:54:22','2016-03-27 22:54:22'),(409,32,7600692,1,'2016-03-27 22:54:22','2016-03-27 22:54:22'),(410,28,6842226,1,'2016-03-27 22:54:22','2016-03-27 22:54:22'),(411,29,4200855,1,'2016-03-27 22:54:22','2016-03-27 22:54:22'),(412,44,4457792,1,'2016-03-27 22:54:22','2016-03-27 22:54:22'),(413,37,8534590,1,'2016-03-27 22:54:22','2016-03-27 22:54:22'),(414,27,4507725,1,'2016-03-27 22:54:22','2016-03-27 22:54:22'),(415,43,1054167,1,'2016-03-27 22:54:22','2016-03-27 22:54:22'),(416,26,5123981,1,'2016-03-27 22:54:22','2016-03-27 22:54:22'),(417,36,7715098,1,'2016-03-27 22:54:22','2016-03-27 22:54:22'),(418,26,3469033,1,'2016-03-27 22:54:22','2016-03-27 22:54:22'),(419,44,2807269,1,'2016-03-27 22:54:22','2016-03-27 22:54:22'),(420,27,5809643,1,'2016-03-27 22:54:22','2016-03-27 22:54:22'),(421,45,5194717,1,'2016-03-27 22:54:22','2016-03-27 22:54:22'),(422,27,2399240,1,'2016-03-27 22:54:22','2016-03-27 22:54:22'),(423,37,9254599,1,'2016-03-27 22:54:22','2016-03-27 22:54:22'),(424,43,2049404,1,'2016-03-27 22:54:22','2016-03-27 22:54:22'),(425,25,2231870,1,'2016-03-27 22:54:22','2016-03-27 22:54:22'),(426,26,8362002,1,'2016-03-27 22:54:22','2016-03-27 22:54:22'),(427,36,20357,1,'2016-03-27 22:54:22','2016-03-27 22:54:22'),(428,37,6858731,1,'2016-03-27 22:54:22','2016-03-27 22:54:22'),(429,44,8924697,1,'2016-03-27 22:54:22','2016-03-27 22:54:22'),(430,31,3953815,1,'2016-03-27 22:54:22','2016-03-27 22:54:22'),(431,26,9875940,1,'2016-03-27 22:54:22','2016-03-27 22:54:22'),(432,39,6252579,1,'2016-03-27 22:54:22','2016-03-27 22:54:22'),(433,37,3864327,1,'2016-03-27 22:54:22','2016-03-27 22:54:22'),(434,34,1814725,1,'2016-03-27 22:54:22','2016-03-27 22:54:22'),(435,34,7121588,1,'2016-03-27 22:54:22','2016-03-27 22:54:22'),(436,33,3250965,1,'2016-03-27 22:54:22','2016-03-27 22:54:22'),(437,34,3792826,1,'2016-03-27 22:54:22','2016-03-27 22:54:22'),(438,27,2023023,1,'2016-03-27 22:54:22','2016-03-27 22:54:22'),(439,39,4493791,1,'2016-03-27 22:54:22','2016-03-27 22:54:22'),(440,26,4608449,1,'2016-03-27 22:54:22','2016-03-27 22:54:22'),(441,30,5422795,1,'2016-03-27 22:54:22','2016-03-27 22:54:22'),(442,34,7274862,1,'2016-03-27 22:54:22','2016-03-27 22:54:22'),(443,25,8590663,1,'2016-03-27 22:54:22','2016-03-27 22:54:22'),(444,28,6368167,1,'2016-03-27 22:54:22','2016-03-27 22:54:22'),(445,28,6395189,1,'2016-03-27 22:54:22','2016-03-27 22:54:22'),(446,33,3240695,1,'2016-03-27 22:54:22','2016-03-27 22:54:22'),(447,39,8225076,1,'2016-03-27 22:54:22','2016-03-27 22:54:22'),(448,32,9895130,1,'2016-03-27 22:54:22','2016-03-27 22:54:22'),(449,27,2766705,1,'2016-03-27 22:54:22','2016-03-27 22:54:22'),(450,42,4854834,1,'2016-03-27 22:54:22','2016-03-27 22:54:22'),(451,39,9627898,1,'2016-03-27 22:54:22','2016-03-27 22:54:22'),(452,33,7638638,1,'2016-03-27 22:54:22','2016-03-27 22:54:22'),(453,44,2280952,1,'2016-03-27 22:54:22','2016-03-27 22:54:22'),(454,40,8350810,1,'2016-03-27 22:54:22','2016-03-27 22:54:22'),(455,41,8709693,1,'2016-03-27 22:54:22','2016-03-27 22:54:22'),(456,26,2228111,1,'2016-03-27 22:54:22','2016-03-27 22:54:22'),(457,31,7233206,1,'2016-03-27 22:54:22','2016-03-27 22:54:22'),(458,28,2795715,1,'2016-03-27 22:54:22','2016-03-27 22:54:22'),(459,40,8701461,1,'2016-03-27 22:54:22','2016-03-27 22:54:22'),(460,38,8194602,1,'2016-03-27 22:54:22','2016-03-27 22:54:22'),(461,44,5578859,1,'2016-03-27 22:54:22','2016-03-27 22:54:22'),(462,32,5344760,1,'2016-03-27 22:54:22','2016-03-27 22:54:22'),(463,37,6874216,1,'2016-03-27 22:54:22','2016-03-27 22:54:22'),(464,31,9036525,1,'2016-03-27 22:54:22','2016-03-27 22:54:22'),(465,32,125049,1,'2016-03-27 22:54:22','2016-03-27 22:54:22'),(466,30,6578039,1,'2016-03-27 22:54:22','2016-03-27 22:54:22'),(467,39,9659061,1,'2016-03-27 22:54:22','2016-03-27 22:54:22'),(468,40,6908164,1,'2016-03-27 22:54:22','2016-03-27 22:54:22'),(469,36,2930863,1,'2016-03-27 22:54:22','2016-03-27 22:54:22'),(470,37,9635347,1,'2016-03-27 22:54:22','2016-03-27 22:54:22'),(471,43,4047657,1,'2016-03-27 22:54:22','2016-03-27 22:54:22'),(472,29,8642498,1,'2016-03-27 22:54:22','2016-03-27 22:54:22'),(473,37,1488472,1,'2016-03-27 22:54:22','2016-03-27 22:54:22'),(474,44,5034045,1,'2016-03-27 22:54:22','2016-03-27 22:54:22'),(475,32,2298692,1,'2016-03-27 22:54:22','2016-03-27 22:54:22'),(476,27,127191,1,'2016-03-27 22:54:22','2016-03-27 22:54:22'),(477,26,3349257,1,'2016-03-27 22:54:22','2016-03-27 22:54:22'),(478,34,4129548,1,'2016-03-27 22:54:22','2016-03-27 22:54:22'),(479,30,5152782,1,'2016-03-27 22:54:22','2016-03-27 22:54:22'),(480,36,4332886,1,'2016-03-27 22:54:22','2016-03-27 22:54:22'),(481,36,4605100,1,'2016-03-27 22:54:22','2016-03-27 22:54:22'),(482,35,8519436,1,'2016-03-27 22:54:22','2016-03-27 22:54:22'),(483,45,6415170,1,'2016-03-27 22:54:22','2016-03-27 22:54:22'),(484,35,4232047,1,'2016-03-27 22:54:22','2016-03-27 22:54:22'),(485,30,6246303,1,'2016-03-27 22:54:22','2016-03-27 22:54:22'),(486,26,9458302,1,'2016-03-27 22:54:22','2016-03-27 22:54:22'),(487,43,1670439,1,'2016-03-27 22:54:22','2016-03-27 22:54:22'),(488,26,7475437,1,'2016-03-27 22:54:22','2016-03-27 22:54:22'),(489,35,1219192,1,'2016-03-27 22:54:22','2016-03-27 22:54:22'),(490,26,7974161,1,'2016-03-27 22:54:22','2016-03-27 22:54:22'),(491,35,1875281,1,'2016-03-27 22:54:22','2016-03-27 22:54:22'),(492,34,2828641,1,'2016-03-27 22:54:22','2016-03-27 22:54:22'),(493,40,9740117,1,'2016-03-27 22:54:22','2016-03-27 22:54:22'),(494,44,156137,1,'2016-03-27 22:54:22','2016-03-27 22:54:22'),(495,27,6007984,1,'2016-03-27 22:54:22','2016-03-27 22:54:22'),(496,26,5153626,1,'2016-03-27 22:54:22','2016-03-27 22:54:22'),(497,30,521229,1,'2016-03-27 22:54:22','2016-03-27 22:54:22'),(498,40,6071057,1,'2016-03-27 22:54:22','2016-03-27 22:54:22'),(499,27,1909628,1,'2016-03-27 22:54:22','2016-03-27 22:54:22'),(500,28,2856670,1,'2016-03-27 22:54:22','2016-03-27 22:54:22'),(501,28,2540976,1,'2016-03-27 22:54:22','2016-03-27 22:54:22'),(502,35,172140,1,'2016-03-27 22:54:22','2016-03-27 22:54:22'),(503,32,3613277,1,'2016-03-27 22:54:22','2016-03-27 22:54:22'),(504,41,4126470,1,'2016-03-27 22:54:22','2016-03-27 22:54:22'),(505,38,8488639,1,'2016-03-27 22:54:22','2016-03-27 22:54:22'),(506,44,379011,1,'2016-03-27 22:54:22','2016-03-27 22:54:22'),(507,36,8471036,1,'2016-03-27 22:54:22','2016-03-27 22:54:22'),(508,25,6141710,1,'2016-03-27 22:54:22','2016-03-27 22:54:22'),(509,35,949049,1,'2016-03-27 22:54:22','2016-03-27 22:54:22'),(510,26,4598009,1,'2016-03-27 22:54:22','2016-03-27 22:54:22'),(511,38,692090,1,'2016-03-27 22:54:22','2016-03-27 22:54:22'),(512,41,8053629,1,'2016-03-27 22:54:22','2016-03-27 22:54:22'),(513,32,9322930,1,'2016-03-27 22:54:22','2016-03-27 22:54:22'),(514,30,6867551,1,'2016-03-27 22:54:22','2016-03-27 22:54:22'),(515,33,9291518,1,'2016-03-27 22:54:22','2016-03-27 22:54:22'),(516,44,9652984,1,'2016-03-27 22:54:22','2016-03-27 22:54:22'),(517,27,6075987,1,'2016-03-27 22:54:22','2016-03-27 22:54:22'),(518,41,9598316,1,'2016-03-27 22:54:22','2016-03-27 22:54:22'),(519,39,2927734,1,'2016-03-27 22:54:22','2016-03-27 22:54:22'),(520,29,8905609,1,'2016-03-27 22:54:22','2016-03-27 22:54:22'),(521,35,4447755,1,'2016-03-27 22:54:22','2016-03-27 22:54:22'),(522,42,5343249,1,'2016-03-27 22:54:22','2016-03-27 22:54:22'),(523,41,6253367,1,'2016-03-27 22:54:22','2016-03-27 22:54:22'),(524,45,1099474,1,'2016-03-27 22:54:22','2016-03-27 22:54:22'),(525,44,5576479,1,'2016-03-27 22:54:22','2016-03-27 22:54:22'),(526,38,6376909,1,'2016-03-27 22:54:22','2016-03-27 22:54:22'),(527,36,3464382,1,'2016-03-27 22:54:22','2016-03-27 22:54:22'),(528,28,6131089,1,'2016-03-27 22:54:22','2016-03-27 22:54:22'),(529,34,1952236,1,'2016-03-27 22:54:22','2016-03-27 22:54:22'),(530,35,7144766,1,'2016-03-27 22:54:22','2016-03-27 22:54:22'),(531,36,203747,1,'2016-03-27 22:54:22','2016-03-27 22:54:22'),(532,39,5128860,1,'2016-03-27 22:54:22','2016-03-27 22:54:22'),(533,31,3902,1,'2016-03-27 22:54:22','2016-03-27 22:54:22'),(534,39,8321731,1,'2016-03-27 22:54:22','2016-03-27 22:54:22'),(535,26,7447172,1,'2016-03-27 22:54:22','2016-03-27 22:54:22'),(536,28,5638111,1,'2016-03-27 22:54:22','2016-03-27 22:54:22'),(537,34,4292749,1,'2016-03-27 22:54:22','2016-03-27 22:54:22'),(538,31,2190060,1,'2016-03-27 22:54:22','2016-03-27 22:54:22'),(539,32,8416257,1,'2016-03-27 22:54:22','2016-03-27 22:54:22'),(540,37,9968706,1,'2016-03-27 22:54:22','2016-03-27 22:54:22'),(541,28,4517405,1,'2016-03-27 22:54:22','2016-03-27 22:54:22'),(542,41,7154356,1,'2016-03-27 22:54:22','2016-03-27 22:54:22'),(543,36,2940387,1,'2016-03-27 22:54:22','2016-03-27 22:54:22'),(544,42,3034927,1,'2016-03-27 22:54:22','2016-03-27 22:54:22'),(545,30,2619959,1,'2016-03-27 22:54:22','2016-03-27 22:54:22'),(546,39,8140254,1,'2016-03-27 22:54:22','2016-03-27 22:54:22'),(547,26,3122087,1,'2016-03-27 22:54:22','2016-03-27 22:54:22'),(548,43,6192257,1,'2016-03-27 22:54:22','2016-03-27 22:54:22'),(549,31,9117528,1,'2016-03-27 22:54:22','2016-03-27 22:54:22'),(550,32,1543068,1,'2016-03-27 22:54:22','2016-03-27 22:54:22'),(551,44,9507794,1,'2016-03-27 22:54:22','2016-03-27 22:54:22'),(552,31,7268847,1,'2016-03-27 22:54:22','2016-03-27 22:54:22'),(553,38,3942490,1,'2016-03-27 22:54:22','2016-03-27 22:54:22'),(554,32,4049404,1,'2016-03-27 22:54:22','2016-03-27 22:54:22'),(555,30,6714851,1,'2016-03-27 22:54:22','2016-03-27 22:54:22'),(556,41,3799161,1,'2016-03-27 22:54:22','2016-03-27 22:54:22'),(557,30,8245432,1,'2016-03-27 22:54:22','2016-03-27 22:54:22'),(558,35,2665012,1,'2016-03-27 22:54:22','2016-03-27 22:54:22'),(559,29,524246,1,'2016-03-27 22:54:22','2016-03-27 22:54:22'),(560,26,7873449,1,'2016-03-27 22:54:22','2016-03-27 22:54:22'),(561,32,6507393,1,'2016-03-27 22:54:22','2016-03-27 22:54:22'),(562,29,2413408,1,'2016-03-27 22:54:22','2016-03-27 22:54:22'),(563,41,372423,1,'2016-03-27 22:54:22','2016-03-27 22:54:22'),(564,28,2298214,1,'2016-03-27 22:54:22','2016-03-27 22:54:22'),(565,38,9487824,1,'2016-03-27 22:54:22','2016-03-27 22:54:22'),(566,32,5849673,1,'2016-03-27 22:54:22','2016-03-27 22:54:22'),(567,26,6764723,1,'2016-03-27 22:54:22','2016-03-27 22:54:22'),(568,40,3132918,1,'2016-03-27 22:54:22','2016-03-27 22:54:22'),(569,42,9961766,1,'2016-03-27 22:54:22','2016-03-27 22:54:22'),(570,41,2119673,1,'2016-03-27 22:54:22','2016-03-27 22:54:22'),(571,37,7166761,1,'2016-03-27 22:54:22','2016-03-27 22:54:22'),(572,40,507631,1,'2016-03-27 22:54:22','2016-03-27 22:54:22'),(573,34,8128501,1,'2016-03-27 22:54:22','2016-03-27 22:54:22'),(574,36,2497448,1,'2016-03-27 22:54:22','2016-03-27 22:54:22'),(575,41,5481136,1,'2016-03-27 22:54:22','2016-03-27 22:54:22'),(576,28,3392098,1,'2016-03-27 22:54:22','2016-03-27 22:54:22'),(577,26,2245961,1,'2016-03-27 22:54:22','2016-03-27 22:54:22'),(578,29,9999886,1,'2016-03-27 22:54:22','2016-03-27 22:54:22'),(579,32,8847121,1,'2016-03-27 22:54:22','2016-03-27 22:54:22'),(580,38,1323686,1,'2016-03-27 22:54:22','2016-03-27 22:54:22'),(581,42,9266500,1,'2016-03-27 22:54:22','2016-03-27 22:54:22'),(582,42,7285822,1,'2016-03-27 22:54:22','2016-03-27 22:54:22'),(583,43,7997079,1,'2016-03-27 22:54:22','2016-03-27 22:54:22'),(584,35,551749,1,'2016-03-27 22:54:22','2016-03-27 22:54:22'),(585,37,4217944,1,'2016-03-27 22:54:22','2016-03-27 22:54:22'),(586,30,1099259,1,'2016-03-27 22:54:22','2016-03-27 22:54:22'),(587,40,4686387,1,'2016-03-27 22:54:22','2016-03-27 22:54:22'),(588,39,6537308,1,'2016-03-27 22:54:22','2016-03-27 22:54:22'),(589,30,7097398,1,'2016-03-27 22:54:22','2016-03-27 22:54:22'),(590,34,2341131,1,'2016-03-27 22:54:22','2016-03-27 22:54:22'),(591,31,8582032,1,'2016-03-27 22:54:22','2016-03-27 22:54:22'),(592,29,5955715,1,'2016-03-27 23:17:26','2016-03-27 23:17:26'),(593,34,639980,1,'2016-03-27 23:17:26','2016-03-27 23:17:26'),(594,39,8374321,1,'2016-03-27 23:17:26','2016-03-27 23:17:26'),(595,39,7825754,1,'2016-03-27 23:17:26','2016-03-27 23:17:26'),(596,36,47772,1,'2016-03-27 23:17:26','2016-03-27 23:17:26'),(597,44,4641169,1,'2016-03-27 23:17:26','2016-03-27 23:17:26'),(598,43,5917510,1,'2016-03-27 23:17:26','2016-03-27 23:17:26'),(599,38,7533703,1,'2016-03-27 23:17:26','2016-03-27 23:17:26'),(600,37,8771496,1,'2016-03-27 23:17:26','2016-03-27 23:17:26'),(601,37,4466817,1,'2016-03-27 23:17:26','2016-03-27 23:17:26'),(602,38,2693296,1,'2016-03-27 23:17:46','2016-03-27 23:17:46'),(603,36,6921898,1,'2016-03-27 23:17:46','2016-03-27 23:17:46'),(604,32,7739073,1,'2016-03-27 23:17:46','2016-03-27 23:17:46'),(605,36,6840584,1,'2016-03-27 23:17:46','2016-03-27 23:17:46'),(606,29,4193463,1,'2016-03-27 23:17:46','2016-03-27 23:17:46'),(607,34,5849342,1,'2016-03-27 23:17:46','2016-03-27 23:17:46'),(608,43,4518881,1,'2016-03-27 23:17:46','2016-03-27 23:17:46'),(609,37,6841598,1,'2016-03-27 23:17:46','2016-03-27 23:17:46'),(610,36,6990734,1,'2016-03-27 23:17:46','2016-03-27 23:17:46'),(611,30,7358088,1,'2016-03-27 23:17:46','2016-03-27 23:17:46'),(612,29,4095236,1,'2016-03-27 23:17:46','2016-03-27 23:17:46'),(613,38,6108389,1,'2016-03-27 23:17:46','2016-03-27 23:17:46'),(614,28,8831265,1,'2016-03-27 23:17:46','2016-03-27 23:17:46'),(615,45,2433306,1,'2016-03-27 23:17:46','2016-03-27 23:17:46'),(616,41,7251786,1,'2016-03-27 23:17:46','2016-03-27 23:17:46'),(617,45,2930777,1,'2016-03-27 23:17:46','2016-03-27 23:17:46'),(618,26,7416158,1,'2016-03-27 23:17:46','2016-03-27 23:17:46'),(619,31,3208492,1,'2016-03-27 23:17:46','2016-03-27 23:17:46'),(620,36,1187869,1,'2016-03-27 23:17:46','2016-03-27 23:17:46'),(621,25,8239053,1,'2016-03-27 23:17:46','2016-03-27 23:17:46'),(622,32,1113749,1,'2016-03-27 23:17:46','2016-03-27 23:17:46'),(623,27,8830584,1,'2016-03-27 23:17:46','2016-03-27 23:17:46'),(624,33,6905604,1,'2016-03-27 23:17:46','2016-03-27 23:17:46'),(625,44,2735081,1,'2016-03-27 23:17:46','2016-03-27 23:17:46'),(626,28,281249,1,'2016-03-27 23:17:46','2016-03-27 23:17:46'),(627,37,5011232,1,'2016-03-27 23:17:46','2016-03-27 23:17:46'),(628,32,5237312,1,'2016-03-27 23:17:46','2016-03-27 23:17:46'),(629,30,1649513,1,'2016-03-27 23:17:46','2016-03-27 23:17:46'),(630,41,6715129,1,'2016-03-27 23:17:46','2016-03-27 23:17:46'),(631,40,2935162,1,'2016-03-27 23:17:46','2016-03-27 23:17:46'),(632,30,2524344,1,'2016-03-27 23:17:46','2016-03-27 23:17:46'),(633,41,185704,1,'2016-03-27 23:17:46','2016-03-27 23:17:46'),(634,45,9093524,1,'2016-03-27 23:17:46','2016-03-27 23:17:46'),(635,38,2411835,1,'2016-03-27 23:17:46','2016-03-27 23:17:46'),(636,30,935278,1,'2016-03-27 23:17:46','2016-03-27 23:17:46'),(637,33,2655240,1,'2016-03-27 23:17:46','2016-03-27 23:17:46'),(638,33,4239229,1,'2016-03-27 23:17:46','2016-03-27 23:17:46'),(639,33,3657942,1,'2016-03-27 23:17:46','2016-03-27 23:17:46'),(640,35,8082065,1,'2016-03-27 23:17:46','2016-03-27 23:17:46'),(641,31,6853499,1,'2016-03-27 23:17:46','2016-03-27 23:17:46'),(642,42,1736397,1,'2016-03-27 23:17:46','2016-03-27 23:17:46'),(643,30,8621098,1,'2016-03-27 23:17:46','2016-03-27 23:17:46'),(644,43,1369583,1,'2016-03-27 23:17:46','2016-03-27 23:17:46'),(645,45,2560088,1,'2016-03-27 23:17:46','2016-03-27 23:17:46'),(646,32,2458658,1,'2016-03-27 23:17:46','2016-03-27 23:17:46'),(647,40,6920853,1,'2016-03-27 23:17:46','2016-03-27 23:17:46'),(648,36,6811845,1,'2016-03-27 23:17:46','2016-03-27 23:17:46'),(649,29,5324741,1,'2016-03-27 23:17:46','2016-03-27 23:17:46'),(650,42,2807610,1,'2016-03-27 23:17:46','2016-03-27 23:17:46'),(651,36,8512690,1,'2016-03-27 23:17:46','2016-03-27 23:17:46'),(652,43,2317981,1,'2016-03-27 23:17:46','2016-03-27 23:17:46'),(653,29,2669850,1,'2016-03-27 23:17:46','2016-03-27 23:17:46'),(654,34,330743,1,'2016-03-27 23:17:46','2016-03-27 23:17:46'),(655,25,9099555,1,'2016-03-27 23:17:46','2016-03-27 23:17:46'),(656,42,6483920,1,'2016-03-27 23:17:46','2016-03-27 23:17:46'),(657,37,8090561,1,'2016-03-27 23:17:46','2016-03-27 23:17:46'),(658,27,9608153,1,'2016-03-27 23:17:46','2016-03-27 23:17:46'),(659,40,4142271,1,'2016-03-27 23:17:46','2016-03-27 23:17:46'),(660,36,8269593,1,'2016-03-27 23:17:46','2016-03-27 23:17:46'),(661,27,9889908,1,'2016-03-27 23:17:46','2016-03-27 23:17:46'),(662,40,8216191,1,'2016-03-27 23:17:46','2016-03-27 23:17:46'),(663,37,5750702,1,'2016-03-27 23:17:46','2016-03-27 23:17:46'),(664,36,3865832,1,'2016-03-27 23:17:46','2016-03-27 23:17:46'),(665,25,3591251,1,'2016-03-27 23:17:46','2016-03-27 23:17:46'),(666,38,8468921,1,'2016-03-27 23:17:46','2016-03-27 23:17:46'),(667,33,631759,1,'2016-03-27 23:17:46','2016-03-27 23:17:46'),(668,40,2304298,1,'2016-03-27 23:17:46','2016-03-27 23:17:46'),(669,25,873480,1,'2016-03-27 23:17:46','2016-03-27 23:17:46'),(670,32,1605850,1,'2016-03-27 23:17:46','2016-03-27 23:17:46'),(671,44,3364763,1,'2016-03-27 23:17:46','2016-03-27 23:17:46'),(672,33,6198234,1,'2016-03-27 23:17:46','2016-03-27 23:17:46'),(673,39,3140790,1,'2016-03-27 23:17:46','2016-03-27 23:17:46'),(674,26,4093969,1,'2016-03-27 23:17:46','2016-03-27 23:17:46'),(675,45,8117759,1,'2016-03-27 23:17:46','2016-03-27 23:17:46'),(676,42,6850005,1,'2016-03-27 23:17:46','2016-03-27 23:17:46'),(677,30,6827689,1,'2016-03-27 23:17:46','2016-03-27 23:17:46'),(678,31,4364137,1,'2016-03-27 23:17:46','2016-03-27 23:17:46'),(679,37,2134531,1,'2016-03-27 23:17:46','2016-03-27 23:17:46'),(680,28,5389906,1,'2016-03-27 23:17:46','2016-03-27 23:17:46'),(681,42,911220,1,'2016-03-27 23:17:46','2016-03-27 23:17:46'),(682,36,1727697,1,'2016-03-27 23:17:46','2016-03-27 23:17:46'),(683,32,66458,1,'2016-03-27 23:17:46','2016-03-27 23:17:46'),(684,45,7714922,1,'2016-03-27 23:17:46','2016-03-27 23:17:46'),(685,33,8440379,1,'2016-03-27 23:17:46','2016-03-27 23:17:46'),(686,41,8743971,1,'2016-03-27 23:17:46','2016-03-27 23:17:46'),(687,33,2070323,1,'2016-03-27 23:17:46','2016-03-27 23:17:46'),(688,44,1462126,1,'2016-03-27 23:17:46','2016-03-27 23:17:46'),(689,41,8553207,1,'2016-03-27 23:17:46','2016-03-27 23:17:46'),(690,29,3493163,1,'2016-03-27 23:17:46','2016-03-27 23:17:46'),(691,36,5280920,1,'2016-03-27 23:17:46','2016-03-27 23:17:46'),(692,29,2691401,1,'2016-03-27 23:17:46','2016-03-27 23:17:46'),(693,32,1413728,1,'2016-03-27 23:17:46','2016-03-27 23:17:46'),(694,25,330516,1,'2016-03-27 23:17:46','2016-03-27 23:17:46'),(695,39,4226697,1,'2016-03-27 23:17:46','2016-03-27 23:17:46'),(696,27,3981092,1,'2016-03-27 23:17:46','2016-03-27 23:17:46'),(697,27,9420211,1,'2016-03-27 23:17:46','2016-03-27 23:17:46'),(698,42,9047657,1,'2016-03-27 23:17:46','2016-03-27 23:17:46'),(699,32,8955773,1,'2016-03-27 23:17:46','2016-03-27 23:17:46'),(700,41,6146499,1,'2016-03-27 23:17:46','2016-03-27 23:17:46'),(701,43,4517934,1,'2016-03-27 23:17:46','2016-03-27 23:17:46'),(702,27,6162817,1,'2016-03-27 23:17:46','2016-03-27 23:17:46'),(703,38,2011356,1,'2016-03-27 23:17:46','2016-03-27 23:17:46'),(704,41,8570086,1,'2016-03-27 23:17:46','2016-03-27 23:17:46'),(705,26,532850,1,'2016-03-27 23:17:46','2016-03-27 23:17:46'),(706,33,8295458,1,'2016-03-27 23:17:46','2016-03-27 23:17:46'),(707,43,9143646,1,'2016-03-27 23:17:46','2016-03-27 23:17:46'),(708,32,2714260,1,'2016-03-27 23:17:46','2016-03-27 23:17:46'),(709,26,1411134,1,'2016-03-27 23:17:46','2016-03-27 23:17:46'),(710,38,9432894,1,'2016-03-27 23:17:46','2016-03-27 23:17:46'),(711,38,1146572,1,'2016-03-27 23:17:46','2016-03-27 23:17:46'),(712,34,4878914,1,'2016-03-27 23:17:46','2016-03-27 23:17:46'),(713,36,2453825,1,'2016-03-27 23:17:46','2016-03-27 23:17:46'),(714,30,5854505,1,'2016-03-27 23:17:46','2016-03-27 23:17:46'),(715,39,7904467,1,'2016-03-27 23:17:46','2016-03-27 23:17:46'),(716,26,509536,1,'2016-03-27 23:17:46','2016-03-27 23:17:46'),(717,28,7515390,1,'2016-03-27 23:17:46','2016-03-27 23:17:46'),(718,40,9766119,1,'2016-03-27 23:17:46','2016-03-27 23:17:46'),(719,32,2478770,1,'2016-03-27 23:17:46','2016-03-27 23:17:46'),(720,39,5295622,1,'2016-03-27 23:17:46','2016-03-27 23:17:46'),(721,34,8826907,1,'2016-03-27 23:17:46','2016-03-27 23:17:46'),(722,35,7512135,1,'2016-03-27 23:17:46','2016-03-27 23:17:46'),(723,30,4102126,1,'2016-03-27 23:17:46','2016-03-27 23:17:46'),(724,35,1112653,1,'2016-03-27 23:17:46','2016-03-27 23:17:46'),(725,33,5086383,1,'2016-03-27 23:17:46','2016-03-27 23:17:46'),(726,37,150515,1,'2016-03-27 23:17:46','2016-03-27 23:17:46'),(727,43,226772,1,'2016-03-27 23:17:46','2016-03-27 23:17:46'),(728,31,2190149,1,'2016-03-27 23:17:46','2016-03-27 23:17:46'),(729,28,3614576,1,'2016-03-27 23:17:46','2016-03-27 23:17:46'),(730,43,3285162,1,'2016-03-27 23:17:46','2016-03-27 23:17:46'),(731,39,3061329,1,'2016-03-27 23:17:46','2016-03-27 23:17:46'),(732,36,7413121,1,'2016-03-27 23:17:46','2016-03-27 23:17:46'),(733,39,9163352,1,'2016-03-27 23:17:46','2016-03-27 23:17:46'),(734,45,8880255,1,'2016-03-27 23:17:46','2016-03-27 23:17:46'),(735,25,5398885,1,'2016-03-27 23:17:46','2016-03-27 23:17:46'),(736,36,1217278,1,'2016-03-27 23:17:46','2016-03-27 23:17:46'),(737,25,5087614,1,'2016-03-27 23:17:46','2016-03-27 23:17:46'),(738,42,1421905,1,'2016-03-27 23:17:46','2016-03-27 23:17:46'),(739,41,295674,1,'2016-03-27 23:17:46','2016-03-27 23:17:46'),(740,37,4031142,1,'2016-03-27 23:17:46','2016-03-27 23:17:46'),(741,40,9071691,1,'2016-03-27 23:17:46','2016-03-27 23:17:46'),(742,33,3139710,1,'2016-03-27 23:17:46','2016-03-27 23:17:46'),(743,25,3222171,1,'2016-03-27 23:17:46','2016-03-27 23:17:46'),(744,27,4721287,1,'2016-03-27 23:17:46','2016-03-27 23:17:46'),(745,27,1743235,1,'2016-03-27 23:17:46','2016-03-27 23:17:46'),(746,41,4078612,1,'2016-03-27 23:17:46','2016-03-27 23:17:46'),(747,32,9345363,1,'2016-03-27 23:17:46','2016-03-27 23:17:46'),(748,31,5663756,1,'2016-03-27 23:17:46','2016-03-27 23:17:46'),(749,43,5950802,1,'2016-03-27 23:17:46','2016-03-27 23:17:46'),(750,31,8428969,1,'2016-03-27 23:17:46','2016-03-27 23:17:46'),(751,31,4527431,1,'2016-03-27 23:17:46','2016-03-27 23:17:46'),(752,28,9928088,1,'2016-03-27 23:17:46','2016-03-27 23:17:46'),(753,26,5110069,1,'2016-03-27 23:17:46','2016-03-27 23:17:46'),(754,34,2581077,1,'2016-03-27 23:17:46','2016-03-27 23:17:46'),(755,29,7052205,1,'2016-03-27 23:17:46','2016-03-27 23:17:46'),(756,40,2038403,1,'2016-03-27 23:17:46','2016-03-27 23:17:46'),(757,29,3156521,1,'2016-03-27 23:17:46','2016-03-27 23:17:46'),(758,37,4917141,1,'2016-03-27 23:17:46','2016-03-27 23:17:46'),(759,38,4349962,1,'2016-03-27 23:17:46','2016-03-27 23:17:46'),(760,31,4063772,1,'2016-03-27 23:17:46','2016-03-27 23:17:46'),(761,42,9447579,1,'2016-03-27 23:17:46','2016-03-27 23:17:46'),(762,30,3298154,1,'2016-03-27 23:17:46','2016-03-27 23:17:46'),(763,27,1521204,1,'2016-03-27 23:17:46','2016-03-27 23:17:46'),(764,33,6254671,1,'2016-03-27 23:17:46','2016-03-27 23:17:46'),(765,42,1458200,1,'2016-03-27 23:17:46','2016-03-27 23:17:46'),(766,27,6208480,1,'2016-03-27 23:17:46','2016-03-27 23:17:46'),(767,34,8581670,1,'2016-03-27 23:17:46','2016-03-27 23:17:46'),(768,42,9538650,1,'2016-03-27 23:17:46','2016-03-27 23:17:46'),(769,33,5913498,1,'2016-03-27 23:17:46','2016-03-27 23:17:46'),(770,39,2956382,1,'2016-03-27 23:17:46','2016-03-27 23:17:46'),(771,41,8522471,1,'2016-03-27 23:17:46','2016-03-27 23:17:46'),(772,42,132053,1,'2016-03-27 23:17:46','2016-03-27 23:17:46'),(773,40,1682992,1,'2016-03-27 23:17:46','2016-03-27 23:17:46'),(774,34,8948186,1,'2016-03-27 23:17:46','2016-03-27 23:17:46'),(775,25,5484222,1,'2016-03-27 23:17:46','2016-03-27 23:17:46'),(776,27,6644638,1,'2016-03-27 23:17:46','2016-03-27 23:17:46'),(777,32,1784958,1,'2016-03-27 23:17:46','2016-03-27 23:17:46'),(778,39,1767624,1,'2016-03-27 23:17:46','2016-03-27 23:17:46'),(779,30,9503685,1,'2016-03-27 23:17:46','2016-03-27 23:17:46'),(780,26,3281989,1,'2016-03-27 23:17:46','2016-03-27 23:17:46'),(781,42,7516877,1,'2016-03-27 23:17:46','2016-03-27 23:17:46'),(782,35,8820786,1,'2016-03-27 23:17:46','2016-03-27 23:17:46'),(783,27,1863807,1,'2016-03-27 23:17:46','2016-03-27 23:17:46'),(784,34,5214807,1,'2016-03-27 23:17:46','2016-03-27 23:17:46'),(785,41,2193399,1,'2016-03-27 23:17:46','2016-03-27 23:17:46'),(786,33,3867725,1,'2016-03-27 23:17:46','2016-03-27 23:17:46'),(787,37,1318043,1,'2016-03-27 23:17:46','2016-03-27 23:17:46'),(788,32,3605922,1,'2016-03-27 23:17:46','2016-03-27 23:17:46'),(789,32,9667645,1,'2016-03-27 23:17:46','2016-03-27 23:17:46'),(790,44,7302054,1,'2016-03-27 23:17:46','2016-03-27 23:17:46'),(791,35,9194462,1,'2016-03-27 23:17:46','2016-03-27 23:17:46'),(792,37,8110126,1,'2016-03-27 23:17:46','2016-03-27 23:17:46'),(793,26,2723585,1,'2016-03-27 23:17:46','2016-03-27 23:17:46'),(794,25,4512358,1,'2016-03-27 23:17:46','2016-03-27 23:17:46'),(795,35,4095381,1,'2016-03-27 23:17:46','2016-03-27 23:17:46'),(796,31,4690173,1,'2016-03-27 23:17:46','2016-03-27 23:17:46'),(797,25,3115993,1,'2016-03-27 23:17:46','2016-03-27 23:17:46'),(798,33,1812262,1,'2016-03-27 23:17:46','2016-03-27 23:17:46'),(799,28,2589542,1,'2016-03-27 23:17:46','2016-03-27 23:17:46'),(800,36,4340053,1,'2016-03-27 23:17:46','2016-03-27 23:17:46'),(801,37,9659115,1,'2016-03-27 23:17:46','2016-03-27 23:17:46'),(802,29,758922,1,'2016-03-27 23:17:46','2016-03-27 23:17:46'),(803,25,1626822,1,'2016-03-27 23:17:46','2016-03-27 23:17:46'),(804,27,8205778,1,'2016-03-27 23:17:46','2016-03-27 23:17:46'),(805,37,4005497,1,'2016-03-27 23:17:46','2016-03-27 23:17:46'),(806,33,8883280,1,'2016-03-27 23:17:46','2016-03-27 23:17:46'),(807,33,8515498,1,'2016-03-27 23:17:46','2016-03-27 23:17:46'),(808,45,2336937,1,'2016-03-27 23:17:46','2016-03-27 23:17:46'),(809,45,6643622,1,'2016-03-27 23:17:46','2016-03-27 23:17:46'),(810,41,6358579,1,'2016-03-27 23:17:46','2016-03-27 23:17:46'),(811,40,7498473,1,'2016-03-27 23:17:46','2016-03-27 23:17:46'),(812,39,4739319,1,'2016-03-27 23:17:46','2016-03-27 23:17:46'),(813,26,2652279,1,'2016-03-27 23:17:46','2016-03-27 23:17:46'),(814,25,7783173,1,'2016-03-27 23:17:46','2016-03-27 23:17:46'),(815,38,3298652,1,'2016-03-27 23:17:46','2016-03-27 23:17:46'),(816,40,5389706,1,'2016-03-27 23:17:46','2016-03-27 23:17:46'),(817,42,6934293,1,'2016-03-27 23:17:46','2016-03-27 23:17:46'),(818,45,4179230,1,'2016-03-27 23:17:46','2016-03-27 23:17:46'),(819,40,3304374,1,'2016-03-27 23:17:46','2016-03-27 23:17:46'),(820,44,914938,1,'2016-03-27 23:17:46','2016-03-27 23:17:46'),(821,27,1410372,1,'2016-03-27 23:17:46','2016-03-27 23:17:46'),(822,35,3723723,1,'2016-03-27 23:17:46','2016-03-27 23:17:46'),(823,38,3295955,1,'2016-03-27 23:17:46','2016-03-27 23:17:46'),(824,45,8818185,1,'2016-03-27 23:17:46','2016-03-27 23:17:46'),(825,44,5653287,1,'2016-03-27 23:17:46','2016-03-27 23:17:46'),(826,29,1799108,1,'2016-03-27 23:17:46','2016-03-27 23:17:46'),(827,43,1778928,1,'2016-03-27 23:17:46','2016-03-27 23:17:46'),(828,31,5136177,1,'2016-03-27 23:17:46','2016-03-27 23:17:46'),(829,26,7746985,1,'2016-03-27 23:17:46','2016-03-27 23:17:46'),(830,28,9352392,1,'2016-03-27 23:17:46','2016-03-27 23:17:46'),(831,29,3812498,1,'2016-03-27 23:17:46','2016-03-27 23:17:46'),(832,35,7626786,1,'2016-03-27 23:17:46','2016-03-27 23:17:46'),(833,37,6338279,1,'2016-03-27 23:17:46','2016-03-27 23:17:46'),(834,42,8917215,1,'2016-03-27 23:17:46','2016-03-27 23:17:46'),(835,35,8984133,1,'2016-03-27 23:17:46','2016-03-27 23:17:46'),(836,25,8212187,1,'2016-03-27 23:17:46','2016-03-27 23:17:46'),(837,25,1208061,1,'2016-03-27 23:17:46','2016-03-27 23:17:46'),(838,26,5568304,1,'2016-03-27 23:17:46','2016-03-27 23:17:46'),(839,25,6898394,1,'2016-03-27 23:17:46','2016-03-27 23:17:46'),(840,29,5009487,1,'2016-03-27 23:17:46','2016-03-27 23:17:46'),(841,26,1607808,1,'2016-03-27 23:17:46','2016-03-27 23:17:46'),(842,41,2454831,1,'2016-03-27 23:17:46','2016-03-27 23:17:46'),(843,29,5151518,1,'2016-03-27 23:17:46','2016-03-27 23:17:46'),(844,40,5297189,1,'2016-03-27 23:17:46','2016-03-27 23:17:46'),(845,36,4121640,1,'2016-03-27 23:17:46','2016-03-27 23:17:46'),(846,42,4063475,1,'2016-03-27 23:17:46','2016-03-27 23:17:46'),(847,43,5908683,1,'2016-03-27 23:17:46','2016-03-27 23:17:46'),(848,44,9762993,1,'2016-03-27 23:17:46','2016-03-27 23:17:46'),(849,29,3187613,1,'2016-03-27 23:17:46','2016-03-27 23:17:46'),(850,28,741053,1,'2016-03-27 23:17:46','2016-03-27 23:17:46'),(851,30,1393249,1,'2016-03-27 23:17:46','2016-03-27 23:17:46'),(852,38,6850965,1,'2016-03-27 23:17:46','2016-03-27 23:17:46'),(853,33,1130974,1,'2016-03-27 23:17:46','2016-03-27 23:17:46'),(854,45,8752766,1,'2016-03-27 23:17:46','2016-03-27 23:17:46'),(855,34,7762230,1,'2016-03-27 23:17:46','2016-03-27 23:17:46'),(856,32,235978,1,'2016-03-27 23:17:46','2016-03-27 23:17:46'),(857,45,9645148,1,'2016-03-27 23:17:46','2016-03-27 23:17:46'),(858,39,5556312,1,'2016-03-27 23:17:46','2016-03-27 23:17:46'),(859,38,7196267,1,'2016-03-27 23:17:46','2016-03-27 23:17:46'),(860,40,2045372,1,'2016-03-27 23:17:46','2016-03-27 23:17:46'),(861,35,685821,1,'2016-03-27 23:17:46','2016-03-27 23:17:46'),(862,30,5911848,1,'2016-03-27 23:17:46','2016-03-27 23:17:46'),(863,27,2646358,1,'2016-03-27 23:17:46','2016-03-27 23:17:46'),(864,44,7527720,1,'2016-03-27 23:17:46','2016-03-27 23:17:46'),(865,32,7931645,1,'2016-03-27 23:17:46','2016-03-27 23:17:46'),(866,28,9510469,1,'2016-03-27 23:17:46','2016-03-27 23:17:46'),(867,41,8336129,1,'2016-03-27 23:17:46','2016-03-27 23:17:46'),(868,34,1746371,1,'2016-03-27 23:17:46','2016-03-27 23:17:46'),(869,26,4206246,1,'2016-03-27 23:17:46','2016-03-27 23:17:46'),(870,41,71049,1,'2016-03-27 23:17:46','2016-03-27 23:17:46'),(871,45,8980561,1,'2016-03-27 23:17:46','2016-03-27 23:17:46'),(872,27,1407691,1,'2016-03-27 23:17:46','2016-03-27 23:17:46'),(873,40,5243121,1,'2016-03-27 23:17:46','2016-03-27 23:17:46'),(874,43,8265714,1,'2016-03-27 23:17:46','2016-03-27 23:17:46'),(875,31,7445624,1,'2016-03-27 23:17:46','2016-03-27 23:17:46'),(876,41,4199924,1,'2016-03-27 23:17:46','2016-03-27 23:17:46'),(877,30,1175884,1,'2016-03-27 23:17:46','2016-03-27 23:17:46'),(878,37,7723887,1,'2016-03-27 23:17:46','2016-03-27 23:17:46'),(879,44,2408334,1,'2016-03-27 23:17:46','2016-03-27 23:17:46'),(880,25,6353246,1,'2016-03-27 23:17:46','2016-03-27 23:17:46'),(881,45,8655948,1,'2016-03-27 23:17:46','2016-03-27 23:17:46'),(882,40,7532960,1,'2016-03-27 23:17:46','2016-03-27 23:17:46'),(883,32,1511333,1,'2016-03-27 23:17:46','2016-03-27 23:17:46'),(884,44,9650439,1,'2016-03-27 23:17:46','2016-03-27 23:17:46'),(885,31,5469023,1,'2016-03-27 23:17:46','2016-03-27 23:17:46'),(886,31,4919315,1,'2016-03-27 23:17:46','2016-03-27 23:17:46'),(887,30,8808413,1,'2016-03-27 23:17:46','2016-03-27 23:17:46'),(888,36,5552446,1,'2016-03-27 23:17:46','2016-03-27 23:17:46'),(889,40,5477187,1,'2016-03-27 23:17:46','2016-03-27 23:17:46'),(890,35,7293044,1,'2016-03-27 23:17:46','2016-03-27 23:17:46'),(891,33,2034404,1,'2016-03-27 23:17:46','2016-03-27 23:17:46'),(892,40,1178067,1,'2016-03-27 23:17:46','2016-03-27 23:17:46'),(893,30,7033311,1,'2016-03-27 23:17:46','2016-03-27 23:17:46'),(894,30,7287194,1,'2016-03-27 23:17:46','2016-03-27 23:17:46'),(895,37,1927072,1,'2016-03-27 23:17:46','2016-03-27 23:17:46'),(896,31,9874466,1,'2016-03-27 23:17:46','2016-03-27 23:17:46'),(897,41,2494780,1,'2016-03-27 23:17:46','2016-03-27 23:17:46'),(898,25,550780,1,'2016-03-27 23:17:46','2016-03-27 23:17:46'),(899,34,459664,1,'2016-03-27 23:17:46','2016-03-27 23:17:46'),(900,32,3282073,1,'2016-03-27 23:17:46','2016-03-27 23:17:46'),(901,36,1493747,1,'2016-03-27 23:17:46','2016-03-27 23:17:46'),(902,34,9648388,1,'2016-03-27 23:18:28','2016-03-27 23:18:28'),(903,45,531400,1,'2016-03-27 23:18:28','2016-03-27 23:18:28'),(904,41,175947,1,'2016-03-27 23:18:28','2016-03-27 23:18:28'),(905,44,3683336,1,'2016-03-27 23:18:28','2016-03-27 23:18:28'),(906,29,2069138,1,'2016-03-27 23:18:28','2016-03-27 23:18:28'),(907,39,1823322,1,'2016-03-27 23:18:28','2016-03-27 23:18:28'),(908,41,1361295,1,'2016-03-27 23:18:28','2016-03-27 23:18:28'),(909,36,5876002,1,'2016-03-27 23:18:28','2016-03-27 23:18:28'),(910,30,1162301,1,'2016-03-27 23:18:28','2016-03-27 23:18:28'),(911,40,370943,1,'2016-03-27 23:18:28','2016-03-27 23:18:28'),(912,30,3785616,1,'2016-03-27 23:18:28','2016-03-27 23:18:28'),(913,31,1058308,1,'2016-03-27 23:18:28','2016-03-27 23:18:28'),(914,32,6002304,1,'2016-03-27 23:18:28','2016-03-27 23:18:28'),(915,43,8446987,1,'2016-03-27 23:18:28','2016-03-27 23:18:28'),(916,40,4509973,1,'2016-03-27 23:18:28','2016-03-27 23:18:28'),(917,28,5398448,1,'2016-03-27 23:18:28','2016-03-27 23:18:28'),(918,41,463072,1,'2016-03-27 23:18:28','2016-03-27 23:18:28'),(919,26,6404484,1,'2016-03-27 23:18:28','2016-03-27 23:18:28'),(920,44,7343060,1,'2016-03-27 23:18:28','2016-03-27 23:18:28'),(921,34,7947831,1,'2016-03-27 23:18:28','2016-03-27 23:18:28'),(922,43,1020277,1,'2016-03-27 23:18:28','2016-03-27 23:18:28'),(923,38,6069972,1,'2016-03-27 23:18:28','2016-03-27 23:18:28'),(924,44,3588642,1,'2016-03-27 23:18:28','2016-03-27 23:18:28'),(925,40,9593262,1,'2016-03-27 23:18:28','2016-03-27 23:18:28'),(926,29,9614020,1,'2016-03-27 23:18:28','2016-03-27 23:18:28'),(927,27,6550325,1,'2016-03-27 23:18:28','2016-03-27 23:18:28'),(928,34,9027879,1,'2016-03-27 23:18:28','2016-03-27 23:18:28'),(929,33,3234351,1,'2016-03-27 23:18:28','2016-03-27 23:18:28'),(930,25,9601017,1,'2016-03-27 23:18:28','2016-03-27 23:18:28'),(931,42,2761434,1,'2016-03-27 23:18:28','2016-03-27 23:18:28'),(932,39,3983972,1,'2016-03-27 23:18:28','2016-03-27 23:18:28'),(933,26,4974818,1,'2016-03-27 23:18:28','2016-03-27 23:18:28'),(934,37,8834515,1,'2016-03-27 23:18:28','2016-03-27 23:18:28'),(935,39,2709795,1,'2016-03-27 23:18:28','2016-03-27 23:18:28'),(936,37,8870545,1,'2016-03-27 23:18:28','2016-03-27 23:18:28'),(937,34,3317645,1,'2016-03-27 23:18:28','2016-03-27 23:18:28'),(938,44,3440073,1,'2016-03-27 23:18:28','2016-03-27 23:18:28'),(939,31,6203021,1,'2016-03-27 23:18:28','2016-03-27 23:18:28'),(940,45,4608661,1,'2016-03-27 23:18:28','2016-03-27 23:18:28'),(941,41,9857793,1,'2016-03-27 23:18:28','2016-03-27 23:18:28'),(942,40,7485917,1,'2016-03-27 23:18:28','2016-03-27 23:18:28'),(943,29,3109276,1,'2016-03-27 23:18:28','2016-03-27 23:18:28'),(944,44,5640509,1,'2016-03-27 23:18:28','2016-03-27 23:18:28'),(945,40,351232,1,'2016-03-27 23:18:28','2016-03-27 23:18:28'),(946,31,5336481,1,'2016-03-27 23:18:28','2016-03-27 23:18:28'),(947,32,6316307,1,'2016-03-27 23:18:28','2016-03-27 23:18:28'),(948,38,3715043,1,'2016-03-27 23:18:28','2016-03-27 23:18:28'),(949,45,5604686,1,'2016-03-27 23:18:28','2016-03-27 23:18:28'),(950,29,3655430,1,'2016-03-27 23:18:28','2016-03-27 23:18:28'),(951,40,4257779,1,'2016-03-27 23:18:28','2016-03-27 23:18:28'),(952,25,2995748,1,'2016-03-27 23:18:28','2016-03-27 23:18:28'),(953,35,7843412,1,'2016-03-27 23:18:28','2016-03-27 23:18:28'),(954,32,3617787,1,'2016-03-27 23:18:28','2016-03-27 23:18:28'),(955,38,5838836,1,'2016-03-27 23:18:28','2016-03-27 23:18:28'),(956,44,2556993,1,'2016-03-27 23:18:28','2016-03-27 23:18:28'),(957,37,1962415,1,'2016-03-27 23:18:28','2016-03-27 23:18:28'),(958,34,7346608,1,'2016-03-27 23:18:28','2016-03-27 23:18:28'),(959,33,9390106,1,'2016-03-27 23:18:28','2016-03-27 23:18:28'),(960,38,1192115,1,'2016-03-27 23:18:28','2016-03-27 23:18:28'),(961,43,2024651,1,'2016-03-27 23:18:28','2016-03-27 23:18:28'),(962,27,5750470,1,'2016-03-27 23:18:28','2016-03-27 23:18:28'),(963,38,6466674,1,'2016-03-27 23:18:28','2016-03-27 23:18:28'),(964,43,3236843,1,'2016-03-27 23:18:28','2016-03-27 23:18:28'),(965,36,1278627,1,'2016-03-27 23:18:28','2016-03-27 23:18:28'),(966,41,4960943,1,'2016-03-27 23:18:28','2016-03-27 23:18:28'),(967,29,2436884,1,'2016-03-27 23:18:28','2016-03-27 23:18:28'),(968,28,8960999,1,'2016-03-27 23:18:28','2016-03-27 23:18:28'),(969,25,5925622,1,'2016-03-27 23:18:28','2016-03-27 23:18:28'),(970,27,9028880,1,'2016-03-27 23:18:28','2016-03-27 23:18:28'),(971,31,1854981,1,'2016-03-27 23:18:28','2016-03-27 23:18:28'),(972,45,8522780,1,'2016-03-27 23:18:28','2016-03-27 23:18:28'),(973,28,6039655,1,'2016-03-27 23:18:28','2016-03-27 23:18:28'),(974,28,5060974,1,'2016-03-27 23:18:28','2016-03-27 23:18:28'),(975,34,8997723,1,'2016-03-27 23:18:28','2016-03-27 23:18:28'),(976,34,5283486,1,'2016-03-27 23:18:28','2016-03-27 23:18:28'),(977,40,131794,1,'2016-03-27 23:18:28','2016-03-27 23:18:28'),(978,36,771638,1,'2016-03-27 23:18:28','2016-03-27 23:18:28'),(979,32,2407958,1,'2016-03-27 23:18:28','2016-03-27 23:18:28'),(980,29,3871582,1,'2016-03-27 23:18:28','2016-03-27 23:18:28'),(981,38,306885,1,'2016-03-27 23:18:28','2016-03-27 23:18:28'),(982,32,3941415,1,'2016-03-27 23:18:28','2016-03-27 23:18:28'),(983,31,7456060,1,'2016-03-27 23:18:28','2016-03-27 23:18:28'),(984,29,4266426,1,'2016-03-27 23:18:28','2016-03-27 23:18:28'),(985,42,4676529,1,'2016-03-27 23:18:28','2016-03-27 23:18:28'),(986,28,4863127,1,'2016-03-27 23:18:28','2016-03-27 23:18:28'),(987,27,429845,1,'2016-03-27 23:18:28','2016-03-27 23:18:28'),(988,42,8592227,1,'2016-03-27 23:18:28','2016-03-27 23:18:28'),(989,28,311065,1,'2016-03-27 23:18:28','2016-03-27 23:18:28'),(990,27,2572363,1,'2016-03-27 23:18:28','2016-03-27 23:18:28'),(991,34,2950340,1,'2016-03-27 23:18:28','2016-03-27 23:18:28'),(992,44,6035500,1,'2016-03-27 23:18:28','2016-03-27 23:18:28'),(993,27,3756651,1,'2016-03-27 23:18:28','2016-03-27 23:18:28'),(994,31,673840,1,'2016-03-27 23:18:28','2016-03-27 23:18:28'),(995,29,3234498,1,'2016-03-27 23:18:28','2016-03-27 23:18:28'),(996,33,8072018,1,'2016-03-27 23:18:28','2016-03-27 23:18:28'),(997,36,6545994,1,'2016-03-27 23:18:28','2016-03-27 23:18:28'),(998,39,8469158,1,'2016-03-27 23:18:28','2016-03-27 23:18:28'),(999,38,6790273,1,'2016-03-27 23:18:28','2016-03-27 23:18:28'),(1000,40,6293793,1,'2016-03-27 23:18:28','2016-03-27 23:18:28'),(1001,31,3300703,1,'2016-03-27 23:18:28','2016-03-27 23:18:28'),(1002,25,7067991,1,'2016-03-27 23:18:28','2016-03-27 23:18:28'),(1003,33,506652,1,'2016-03-27 23:18:28','2016-03-27 23:18:28'),(1004,30,4665947,1,'2016-03-27 23:18:28','2016-03-27 23:18:28'),(1005,41,2668403,1,'2016-03-27 23:18:28','2016-03-27 23:18:28'),(1006,41,4247955,1,'2016-03-27 23:18:28','2016-03-27 23:18:28'),(1007,41,2369089,1,'2016-03-27 23:18:28','2016-03-27 23:18:28'),(1008,36,9511803,1,'2016-03-27 23:18:28','2016-03-27 23:18:28'),(1009,26,7767938,1,'2016-03-27 23:18:28','2016-03-27 23:18:28'),(1010,39,6564144,1,'2016-03-27 23:18:28','2016-03-27 23:18:28'),(1011,28,7212745,1,'2016-03-27 23:18:28','2016-03-27 23:18:28'),(1012,38,5297495,1,'2016-03-27 23:18:28','2016-03-27 23:18:28'),(1013,26,5096204,1,'2016-03-27 23:18:28','2016-03-27 23:18:28'),(1014,40,2697814,1,'2016-03-27 23:18:28','2016-03-27 23:18:28'),(1015,36,5291416,1,'2016-03-27 23:18:28','2016-03-27 23:18:28'),(1016,33,4884656,1,'2016-03-27 23:18:28','2016-03-27 23:18:28'),(1017,25,7679874,1,'2016-03-27 23:18:28','2016-03-27 23:18:28'),(1018,27,526452,1,'2016-03-27 23:18:28','2016-03-27 23:18:28'),(1019,39,3417959,1,'2016-03-27 23:18:28','2016-03-27 23:18:28'),(1020,37,1255767,1,'2016-03-27 23:18:28','2016-03-27 23:18:28'),(1021,40,3203824,1,'2016-03-27 23:18:28','2016-03-27 23:18:28'),(1022,34,9172775,1,'2016-03-27 23:18:28','2016-03-27 23:18:28'),(1023,45,8616202,1,'2016-03-27 23:18:28','2016-03-27 23:18:28'),(1024,25,2540920,1,'2016-03-27 23:18:28','2016-03-27 23:18:28'),(1025,30,1001515,1,'2016-03-27 23:18:28','2016-03-27 23:18:28'),(1026,43,5562119,1,'2016-03-27 23:18:28','2016-03-27 23:18:28'),(1027,42,2225093,1,'2016-03-27 23:18:28','2016-03-27 23:18:28'),(1028,34,8072063,1,'2016-03-27 23:18:28','2016-03-27 23:18:28'),(1029,40,2800206,1,'2016-03-27 23:18:28','2016-03-27 23:18:28'),(1030,28,2767196,1,'2016-03-27 23:18:28','2016-03-27 23:18:28'),(1031,31,9562994,1,'2016-03-27 23:18:28','2016-03-27 23:18:28'),(1032,38,6746374,1,'2016-03-27 23:18:28','2016-03-27 23:18:28'),(1033,26,352570,1,'2016-03-27 23:18:28','2016-03-27 23:18:28'),(1034,28,189237,1,'2016-03-27 23:18:28','2016-03-27 23:18:28'),(1035,32,4179885,1,'2016-03-27 23:18:28','2016-03-27 23:18:28'),(1036,37,2136680,1,'2016-03-27 23:18:28','2016-03-27 23:18:28'),(1037,35,2389928,1,'2016-03-27 23:18:28','2016-03-27 23:18:28'),(1038,38,8034279,1,'2016-03-27 23:18:28','2016-03-27 23:18:28'),(1039,31,7220977,1,'2016-03-27 23:18:28','2016-03-27 23:18:28'),(1040,28,3675205,1,'2016-03-27 23:18:28','2016-03-27 23:18:28'),(1041,29,1713578,1,'2016-03-27 23:18:28','2016-03-27 23:18:28'),(1042,36,7491152,1,'2016-03-27 23:18:28','2016-03-27 23:18:28'),(1043,39,9475677,1,'2016-03-27 23:18:28','2016-03-27 23:18:28'),(1044,29,3876078,1,'2016-03-27 23:18:28','2016-03-27 23:18:28'),(1045,45,1965823,1,'2016-03-27 23:18:28','2016-03-27 23:18:28'),(1046,41,5588451,1,'2016-03-27 23:18:28','2016-03-27 23:18:28'),(1047,40,2512330,1,'2016-03-27 23:18:28','2016-03-27 23:18:28'),(1048,29,6568009,1,'2016-03-27 23:18:28','2016-03-27 23:18:28'),(1049,30,1780869,1,'2016-03-27 23:18:28','2016-03-27 23:18:28'),(1050,41,6961825,1,'2016-03-27 23:18:28','2016-03-27 23:18:28'),(1051,29,6812635,1,'2016-03-27 23:18:28','2016-03-27 23:18:28'),(1052,34,7450091,1,'2016-03-27 23:18:28','2016-03-27 23:18:28'),(1053,43,4851121,1,'2016-03-27 23:18:28','2016-03-27 23:18:28'),(1054,27,2331871,1,'2016-03-27 23:18:28','2016-03-27 23:18:28'),(1055,29,1108796,1,'2016-03-27 23:18:28','2016-03-27 23:18:28'),(1056,35,1896728,1,'2016-03-27 23:18:28','2016-03-27 23:18:28'),(1057,28,8334287,1,'2016-03-27 23:18:28','2016-03-27 23:18:28'),(1058,37,3959268,1,'2016-03-27 23:18:28','2016-03-27 23:18:28'),(1059,26,5542065,1,'2016-03-27 23:18:28','2016-03-27 23:18:28'),(1060,39,4528449,1,'2016-03-27 23:18:28','2016-03-27 23:18:28'),(1061,42,817676,1,'2016-03-27 23:18:28','2016-03-27 23:18:28'),(1062,37,5982129,1,'2016-03-27 23:18:28','2016-03-27 23:18:28'),(1063,33,4421,1,'2016-03-27 23:18:28','2016-03-27 23:18:28'),(1064,25,5247062,1,'2016-03-27 23:18:28','2016-03-27 23:18:28'),(1065,26,3481846,1,'2016-03-27 23:18:28','2016-03-27 23:18:28'),(1066,30,6632656,1,'2016-03-27 23:18:28','2016-03-27 23:18:28'),(1067,44,5183683,1,'2016-03-27 23:18:28','2016-03-27 23:18:28'),(1068,25,2813073,1,'2016-03-27 23:18:28','2016-03-27 23:18:28'),(1069,28,5469303,1,'2016-03-27 23:18:28','2016-03-27 23:18:28'),(1070,28,9091546,1,'2016-03-27 23:18:28','2016-03-27 23:18:28'),(1071,26,5957187,1,'2016-03-27 23:18:28','2016-03-27 23:18:28'),(1072,34,1211003,1,'2016-03-27 23:18:28','2016-03-27 23:18:28'),(1073,35,9311090,1,'2016-03-27 23:18:28','2016-03-27 23:18:28'),(1074,33,1793039,1,'2016-03-27 23:18:28','2016-03-27 23:18:28'),(1075,29,9097597,1,'2016-03-27 23:18:28','2016-03-27 23:18:28'),(1076,26,4961461,1,'2016-03-27 23:18:28','2016-03-27 23:18:28'),(1077,32,7273394,1,'2016-03-27 23:18:28','2016-03-27 23:18:28'),(1078,29,464753,1,'2016-03-27 23:18:28','2016-03-27 23:18:28'),(1079,35,9893639,1,'2016-03-27 23:18:28','2016-03-27 23:18:28'),(1080,28,6708935,1,'2016-03-27 23:18:28','2016-03-27 23:18:28'),(1081,40,8106058,1,'2016-03-27 23:18:28','2016-03-27 23:18:28'),(1082,45,33667,1,'2016-03-27 23:18:28','2016-03-27 23:18:28'),(1083,32,9802433,1,'2016-03-27 23:18:28','2016-03-27 23:18:28'),(1084,39,9192351,1,'2016-03-27 23:18:28','2016-03-27 23:18:28'),(1085,36,1646861,1,'2016-03-27 23:18:28','2016-03-27 23:18:28'),(1086,44,2783616,1,'2016-03-27 23:18:28','2016-03-27 23:18:28'),(1087,35,342161,1,'2016-03-27 23:18:28','2016-03-27 23:18:28'),(1088,29,6365412,1,'2016-03-27 23:18:28','2016-03-27 23:18:28'),(1089,28,2798141,1,'2016-03-27 23:18:28','2016-03-27 23:18:28'),(1090,26,5009903,1,'2016-03-27 23:18:28','2016-03-27 23:18:28'),(1091,28,177361,1,'2016-03-27 23:18:28','2016-03-27 23:18:28'),(1092,39,3323451,1,'2016-03-27 23:18:28','2016-03-27 23:18:28'),(1093,29,3953496,1,'2016-03-27 23:18:28','2016-03-27 23:18:28'),(1094,35,5831086,1,'2016-03-27 23:18:28','2016-03-27 23:18:28'),(1095,31,7252462,1,'2016-03-27 23:18:28','2016-03-27 23:18:28'),(1096,29,8454913,1,'2016-03-27 23:18:28','2016-03-27 23:18:28'),(1097,44,9693351,1,'2016-03-27 23:18:28','2016-03-27 23:18:28'),(1098,45,7018324,1,'2016-03-27 23:18:28','2016-03-27 23:18:28'),(1099,42,6293380,1,'2016-03-27 23:18:28','2016-03-27 23:18:28'),(1100,43,7115010,1,'2016-03-27 23:18:29','2016-03-27 23:18:29'),(1101,43,6049143,1,'2016-03-27 23:18:29','2016-03-27 23:18:29'),(1102,32,4303103,1,'2016-03-27 23:18:29','2016-03-27 23:18:29'),(1103,27,3573667,1,'2016-03-27 23:18:29','2016-03-27 23:18:29'),(1104,42,6133659,1,'2016-03-27 23:18:29','2016-03-27 23:18:29'),(1105,32,7318218,1,'2016-03-27 23:18:29','2016-03-27 23:18:29'),(1106,42,6630267,1,'2016-03-27 23:18:29','2016-03-27 23:18:29'),(1107,29,8478693,1,'2016-03-27 23:18:29','2016-03-27 23:18:29'),(1108,35,2574710,1,'2016-03-27 23:18:29','2016-03-27 23:18:29'),(1109,38,4647620,1,'2016-03-27 23:18:29','2016-03-27 23:18:29'),(1110,33,5954896,1,'2016-03-27 23:18:29','2016-03-27 23:18:29'),(1111,30,4638643,1,'2016-03-27 23:18:29','2016-03-27 23:18:29'),(1112,32,777128,1,'2016-03-27 23:18:29','2016-03-27 23:18:29'),(1113,41,9114472,1,'2016-03-27 23:18:29','2016-03-27 23:18:29'),(1114,26,5662805,1,'2016-03-27 23:18:29','2016-03-27 23:18:29'),(1115,41,3638701,1,'2016-03-27 23:18:29','2016-03-27 23:18:29'),(1116,44,7360495,1,'2016-03-27 23:18:29','2016-03-27 23:18:29'),(1117,43,3784103,1,'2016-03-27 23:18:29','2016-03-27 23:18:29'),(1118,41,7753237,1,'2016-03-27 23:18:29','2016-03-27 23:18:29'),(1119,38,8477665,1,'2016-03-27 23:18:29','2016-03-27 23:18:29'),(1120,34,5909214,1,'2016-03-27 23:18:29','2016-03-27 23:18:29'),(1121,26,3411720,1,'2016-03-27 23:18:29','2016-03-27 23:18:29'),(1122,34,29223,1,'2016-03-27 23:18:29','2016-03-27 23:18:29'),(1123,34,7135487,1,'2016-03-27 23:18:29','2016-03-27 23:18:29'),(1124,33,9063851,1,'2016-03-27 23:18:29','2016-03-27 23:18:29'),(1125,36,7386733,1,'2016-03-27 23:18:29','2016-03-27 23:18:29'),(1126,29,6488474,1,'2016-03-27 23:18:29','2016-03-27 23:18:29'),(1127,25,5438353,1,'2016-03-27 23:18:29','2016-03-27 23:18:29'),(1128,37,762508,1,'2016-03-27 23:18:29','2016-03-27 23:18:29'),(1129,37,9318838,1,'2016-03-27 23:18:29','2016-03-27 23:18:29'),(1130,45,9014770,1,'2016-03-27 23:18:29','2016-03-27 23:18:29'),(1131,30,9654955,1,'2016-03-27 23:18:29','2016-03-27 23:18:29'),(1132,34,417761,1,'2016-03-27 23:18:29','2016-03-27 23:18:29'),(1133,32,5967187,1,'2016-03-27 23:18:29','2016-03-27 23:18:29'),(1134,38,2651019,1,'2016-03-27 23:18:29','2016-03-27 23:18:29'),(1135,26,4294620,1,'2016-03-27 23:18:29','2016-03-27 23:18:29'),(1136,34,7031506,1,'2016-03-27 23:18:29','2016-03-27 23:18:29'),(1137,29,9037426,1,'2016-03-27 23:18:29','2016-03-27 23:18:29'),(1138,29,6444392,1,'2016-03-27 23:18:29','2016-03-27 23:18:29'),(1139,31,6509403,1,'2016-03-27 23:18:29','2016-03-27 23:18:29'),(1140,33,4226061,1,'2016-03-27 23:18:29','2016-03-27 23:18:29'),(1141,45,3775948,1,'2016-03-27 23:18:29','2016-03-27 23:18:29'),(1142,37,2162767,1,'2016-03-27 23:18:29','2016-03-27 23:18:29'),(1143,40,911189,1,'2016-03-27 23:18:29','2016-03-27 23:18:29'),(1144,39,8972198,1,'2016-03-27 23:18:29','2016-03-27 23:18:29'),(1145,27,26713,1,'2016-03-27 23:18:29','2016-03-27 23:18:29'),(1146,26,6669814,1,'2016-03-27 23:18:29','2016-03-27 23:18:29'),(1147,33,32909,1,'2016-03-27 23:18:29','2016-03-27 23:18:29'),(1148,39,6822318,1,'2016-03-27 23:18:29','2016-03-27 23:18:29'),(1149,41,5207038,1,'2016-03-27 23:18:29','2016-03-27 23:18:29'),(1150,27,2724945,1,'2016-03-27 23:18:29','2016-03-27 23:18:29'),(1151,29,2429345,1,'2016-03-27 23:18:29','2016-03-27 23:18:29'),(1152,44,2951873,1,'2016-03-27 23:18:29','2016-03-27 23:18:29'),(1153,44,9987478,1,'2016-03-27 23:18:29','2016-03-27 23:18:29'),(1154,32,5381531,1,'2016-03-27 23:18:29','2016-03-27 23:18:29'),(1155,40,3665344,1,'2016-03-27 23:18:29','2016-03-27 23:18:29'),(1156,25,116103,1,'2016-03-27 23:18:29','2016-03-27 23:18:29'),(1157,38,1955121,1,'2016-03-27 23:18:29','2016-03-27 23:18:29'),(1158,38,9038505,1,'2016-03-27 23:18:29','2016-03-27 23:18:29'),(1159,30,5329095,1,'2016-03-27 23:18:29','2016-03-27 23:18:29'),(1160,33,4128111,1,'2016-03-27 23:18:29','2016-03-27 23:18:29'),(1161,40,2339238,1,'2016-03-27 23:18:29','2016-03-27 23:18:29'),(1162,44,556930,1,'2016-03-27 23:18:29','2016-03-27 23:18:29'),(1163,25,9929495,1,'2016-03-27 23:18:29','2016-03-27 23:18:29'),(1164,31,7409245,1,'2016-03-27 23:18:29','2016-03-27 23:18:29'),(1165,41,7817526,1,'2016-03-27 23:18:29','2016-03-27 23:18:29'),(1166,32,9883261,1,'2016-03-27 23:18:29','2016-03-27 23:18:29'),(1167,33,4991340,1,'2016-03-27 23:18:29','2016-03-27 23:18:29'),(1168,37,5099773,1,'2016-03-27 23:18:29','2016-03-27 23:18:29'),(1169,44,7891304,1,'2016-03-27 23:18:29','2016-03-27 23:18:29'),(1170,25,9250548,1,'2016-03-27 23:18:29','2016-03-27 23:18:29'),(1171,35,9183073,1,'2016-03-27 23:18:29','2016-03-27 23:18:29'),(1172,32,8643647,1,'2016-03-27 23:18:29','2016-03-27 23:18:29'),(1173,31,4511533,1,'2016-03-27 23:18:29','2016-03-27 23:18:29'),(1174,36,4810180,1,'2016-03-27 23:18:29','2016-03-27 23:18:29'),(1175,29,5491971,1,'2016-03-27 23:18:29','2016-03-27 23:18:29'),(1176,41,9024965,1,'2016-03-27 23:18:29','2016-03-27 23:18:29'),(1177,33,9008128,1,'2016-03-27 23:18:29','2016-03-27 23:18:29'),(1178,38,7304617,1,'2016-03-27 23:18:29','2016-03-27 23:18:29'),(1179,26,9151611,1,'2016-03-27 23:18:29','2016-03-27 23:18:29'),(1180,31,2540003,1,'2016-03-27 23:18:29','2016-03-27 23:18:29'),(1181,43,5420089,1,'2016-03-27 23:18:29','2016-03-27 23:18:29'),(1182,44,7142767,1,'2016-03-27 23:18:29','2016-03-27 23:18:29'),(1183,31,5842757,1,'2016-03-27 23:18:29','2016-03-27 23:18:29'),(1184,41,8289001,1,'2016-03-27 23:18:29','2016-03-27 23:18:29'),(1185,30,7445116,1,'2016-03-27 23:18:29','2016-03-27 23:18:29'),(1186,26,2276346,1,'2016-03-27 23:18:29','2016-03-27 23:18:29'),(1187,37,261449,1,'2016-03-27 23:18:29','2016-03-27 23:18:29'),(1188,34,7996481,1,'2016-03-27 23:18:29','2016-03-27 23:18:29'),(1189,32,9308814,1,'2016-03-27 23:18:29','2016-03-27 23:18:29'),(1190,30,7041219,1,'2016-03-27 23:18:29','2016-03-27 23:18:29'),(1191,42,2274814,1,'2016-03-27 23:18:29','2016-03-27 23:18:29'),(1192,32,2289235,1,'2016-03-27 23:18:29','2016-03-27 23:18:29'),(1193,31,1664452,1,'2016-03-27 23:18:29','2016-03-27 23:18:29'),(1194,38,2563920,1,'2016-03-27 23:18:29','2016-03-27 23:18:29'),(1195,33,2177116,1,'2016-03-27 23:18:29','2016-03-27 23:18:29'),(1196,26,6643355,1,'2016-03-27 23:18:29','2016-03-27 23:18:29'),(1197,44,3646767,1,'2016-03-27 23:18:29','2016-03-27 23:18:29'),(1198,43,4761345,1,'2016-03-27 23:18:29','2016-03-27 23:18:29'),(1199,26,7264588,1,'2016-03-27 23:18:29','2016-03-27 23:18:29'),(1200,33,5249262,1,'2016-03-27 23:18:29','2016-03-27 23:18:29');
/*!40000 ALTER TABLE `product_stock` ENABLE KEYS */;
UNLOCK TABLES;

--
-- Table structure for table `product_type_details`
--

DROP TABLE IF EXISTS `product_type_details`;
/*!40101 SET @saved_cs_client     = @@character_set_client */;
/*!40101 SET character_set_client = utf8 */;
CREATE TABLE `product_type_details` (
  `id` int(11) NOT NULL AUTO_INCREMENT,
  `product_id` int(11) NOT NULL,
  `product_type_id` int(11) NOT NULL,
  `created_at` timestamp NOT NULL DEFAULT CURRENT_TIMESTAMP ON UPDATE CURRENT_TIMESTAMP,
  `updated_at` timestamp NOT NULL DEFAULT '0000-00-00 00:00:00',
  PRIMARY KEY (`id`),
  UNIQUE KEY `id_UNIQUE` (`id`)
) ENGINE=InnoDB DEFAULT CHARSET=utf8;
/*!40101 SET character_set_client = @saved_cs_client */;

--
-- Dumping data for table `product_type_details`
--

LOCK TABLES `product_type_details` WRITE;
/*!40000 ALTER TABLE `product_type_details` DISABLE KEYS */;
/*!40000 ALTER TABLE `product_type_details` ENABLE KEYS */;
UNLOCK TABLES;

--
-- Table structure for table `product_types`
--

DROP TABLE IF EXISTS `product_types`;
/*!40101 SET @saved_cs_client     = @@character_set_client */;
/*!40101 SET character_set_client = utf8 */;
CREATE TABLE `product_types` (
  `id` int(11) NOT NULL AUTO_INCREMENT,
  `name` varchar(255) NOT NULL,
  `created_at` timestamp NOT NULL DEFAULT CURRENT_TIMESTAMP ON UPDATE CURRENT_TIMESTAMP,
  `updated_at` timestamp NOT NULL DEFAULT '0000-00-00 00:00:00',
  PRIMARY KEY (`id`),
  UNIQUE KEY `id_UNIQUE` (`id`)
) ENGINE=InnoDB AUTO_INCREMENT=10 DEFAULT CHARSET=utf8;
/*!40101 SET character_set_client = @saved_cs_client */;

--
-- Dumping data for table `product_types`
--

LOCK TABLES `product_types` WRITE;
/*!40000 ALTER TABLE `product_types` DISABLE KEYS */;
INSERT INTO `product_types` VALUES (1,'Laptop','2016-03-22 14:07:00','0000-00-00 00:00:00'),(2,'Phone','2016-03-22 14:07:00','0000-00-00 00:00:00'),(3,'Phone Case','2016-03-22 14:07:00','0000-00-00 00:00:00'),(4,'Cables','2016-03-22 14:07:00','0000-00-00 00:00:00'),(5,'Desktop','2016-03-22 14:07:00','0000-00-00 00:00:00'),(6,'Monitor','2016-03-22 14:07:00','0000-00-00 00:00:00'),(7,'Laptop Case','2016-03-22 14:07:00','0000-00-00 00:00:00'),(8,'Bags','2016-03-22 14:07:00','0000-00-00 00:00:00'),(9,'Computer Accesories','2016-03-22 14:07:00','0000-00-00 00:00:00');
/*!40000 ALTER TABLE `product_types` ENABLE KEYS */;
UNLOCK TABLES;

--
-- Table structure for table `products`
--

DROP TABLE IF EXISTS `products`;
/*!40101 SET @saved_cs_client     = @@character_set_client */;
/*!40101 SET character_set_client = utf8 */;
CREATE TABLE `products` (
  `id` int(11) NOT NULL AUTO_INCREMENT,
  `name` varchar(255) NOT NULL COMMENT 'product name ex Macbook Pro 13"',
  `model` varchar(255) NOT NULL COMMENT 'product model ex. Macbook Pro, Macbook, Macbook Air',
  `type` varchar(255) NOT NULL COMMENT 'Ex Laptop',
  `code` text COMMENT 'reserve for barcode',
  `created_at` timestamp NOT NULL DEFAULT CURRENT_TIMESTAMP ON UPDATE CURRENT_TIMESTAMP,
  `updated_at` timestamp NOT NULL DEFAULT '0000-00-00 00:00:00',
  PRIMARY KEY (`id`),
  UNIQUE KEY `id_UNIQUE` (`id`)
) ENGINE=InnoDB AUTO_INCREMENT=49 DEFAULT CHARSET=utf8;
/*!40101 SET character_set_client = @saved_cs_client */;

--
-- Dumping data for table `products`
--

LOCK TABLES `products` WRITE;
/*!40000 ALTER TABLE `products` DISABLE KEYS */;
INSERT INTO `products` VALUES (25,'MacBook Pro 13\"','MD1523','1',NULL,'2016-03-22 14:22:03','0000-00-00 00:00:00'),(26,'MacBook Pro 13\" Retina','MD1524','1',NULL,'2016-03-22 14:22:03','0000-00-00 00:00:00'),(27,'MacBook Pro 15\" Retina','MD2567','1',NULL,'2016-03-22 14:22:03','0000-00-00 00:00:00'),(28,'MacBook (Gold)','MD1325','1',NULL,'2016-03-22 14:22:03','0000-00-00 00:00:00'),(29,'MacBook (Silver)','MD1326','1',NULL,'2016-03-22 14:22:03','0000-00-00 00:00:00'),(30,'MacBook (Space Grey)','MD1327','1',NULL,'2016-03-22 14:22:03','0000-00-00 00:00:00'),(31,'iMac 21\"','MD8976','5',NULL,'2016-03-22 14:22:03','0000-00-00 00:00:00'),(32,'iMac 27\"','MD8977','5',NULL,'2016-03-22 14:22:03','0000-00-00 00:00:00'),(33,'MacBook Pro 13\" Retina','MD1525','1',NULL,'2016-03-22 14:22:03','0000-00-00 00:00:00'),(34,'MacBook Pro 13\" Retina','MD1526','1',NULL,'2016-03-22 14:22:03','0000-00-00 00:00:00'),(35,'MacBook Pro 15\" Retina','MD2568','1',NULL,'2016-03-22 14:22:03','0000-00-00 00:00:00'),(36,'MacBook Pro 15\" Retina','MD2569','1',NULL,'2016-03-22 14:22:03','0000-00-00 00:00:00'),(37,'iPhone 6s Gold 16Gb','IP7856','2',NULL,'2016-03-22 14:22:03','0000-00-00 00:00:00'),(38,'iPhone 6s Gold 64Gb','IP7857','2',NULL,'2016-03-22 14:22:03','0000-00-00 00:00:00'),(39,'iPhone 6s Gold 128Gb','IP7858','2',NULL,'2016-03-22 14:22:03','0000-00-00 00:00:00'),(40,'iPhone 6s Silver 16Gb','IP7657','2',NULL,'2016-03-22 14:22:03','0000-00-00 00:00:00'),(41,'iPhone 6s Silver 64Gb','IP7658','2',NULL,'2016-03-22 14:22:03','0000-00-00 00:00:00'),(42,'iPhone 6s Silver 128Gb','IP7659','2',NULL,'2016-03-22 14:22:03','0000-00-00 00:00:00'),(43,'iPhone 6s Rose Gold 16Gb','IP7759','2',NULL,'2016-03-22 14:22:03','0000-00-00 00:00:00'),(44,'iPhone 6s Rose Gold 64Gb','IP7758','2',NULL,'2016-03-22 14:22:03','0000-00-00 00:00:00'),(45,'iPhone 6s Rose Gold 128Gb','IP7756','2',NULL,'2016-03-22 14:22:03','0000-00-00 00:00:00'),(46,'iPhone 6s Space Grey 16Gb','IP7556','2',NULL,'2016-03-22 14:22:03','0000-00-00 00:00:00'),(47,'iPhone 6s Space Grey 64Gb','IP7557','2',NULL,'2016-03-22 14:22:03','0000-00-00 00:00:00'),(48,'iPhone 6s Space Grey 128Gb','IP7558','2',NULL,'2016-03-22 14:22:03','0000-00-00 00:00:00');
/*!40000 ALTER TABLE `products` ENABLE KEYS */;
UNLOCK TABLES;

--
-- Table structure for table `users`
--

DROP TABLE IF EXISTS `users`;
/*!40101 SET @saved_cs_client     = @@character_set_client */;
/*!40101 SET character_set_client = utf8 */;
CREATE TABLE `users` (
  `id` int(11) NOT NULL AUTO_INCREMENT,
  `email` varchar(255) NOT NULL,
  `username` varchar(255) NOT NULL,
  `password` text NOT NULL,
  `user_type` smallint(6) NOT NULL DEFAULT '0',
  `created_at` timestamp NOT NULL DEFAULT CURRENT_TIMESTAMP ON UPDATE CURRENT_TIMESTAMP,
  `updated_at` timestamp NOT NULL DEFAULT '0000-00-00 00:00:00',
  PRIMARY KEY (`id`),
  UNIQUE KEY `username_UNIQUE` (`username`),
  UNIQUE KEY `email_UNIQUE` (`email`)
) ENGINE=InnoDB AUTO_INCREMENT=3 DEFAULT CHARSET=utf8;
/*!40101 SET character_set_client = @saved_cs_client */;

--
-- Dumping data for table `users`
--

LOCK TABLES `users` WRITE;
/*!40000 ALTER TABLE `users` DISABLE KEYS */;
INSERT INTO `users` VALUES (1,'admin@teknolohiya.ph','teknoadmin','$2y$10$6lOqEfGq22ieMyo7hgBhOehCzK6Au.c17B5sOizD/xBUidgzoEX32',0,'2016-03-22 04:15:10','2016-03-22 04:15:10'),(2,'lean@teknolohiya.ph','leankarlo','$2y$10$wXJ9DQRGh3HJ.p/aMqgC7./U93J7gjHOYyyptElQTSBpyiPyQoAve',1,'2016-03-27 22:51:05','2016-03-27 22:51:05');
/*!40000 ALTER TABLE `users` ENABLE KEYS */;
UNLOCK TABLES;
/*!40103 SET TIME_ZONE=@OLD_TIME_ZONE */;

/*!40101 SET SQL_MODE=@OLD_SQL_MODE */;
/*!40014 SET FOREIGN_KEY_CHECKS=@OLD_FOREIGN_KEY_CHECKS */;
/*!40014 SET UNIQUE_CHECKS=@OLD_UNIQUE_CHECKS */;
/*!40101 SET CHARACTER_SET_CLIENT=@OLD_CHARACTER_SET_CLIENT */;
/*!40101 SET CHARACTER_SET_RESULTS=@OLD_CHARACTER_SET_RESULTS */;
/*!40101 SET COLLATION_CONNECTION=@OLD_COLLATION_CONNECTION */;
/*!40111 SET SQL_NOTES=@OLD_SQL_NOTES */;

-- Dump completed on 2016-04-12 17:27:22
